query,clicks,impressions,ctr,position
"hentaivault","211","584","0.3613013698630137","1.8698630136986303"
"hentai vault","129","2502","0.05155875299760192","3.1898481215027976"
"nhentai alternative","48","893","0.05375139977603583","5.536394176931691"
"hentaimama","30","14492","0.002070107645597571","6.725158708252829"
"doujin sites","26","452","0.05752212389380531","6.900442477876106"
"hentai20","26","10261","0.002533866094922522","4.5186628983529875"
"nhentai alternatives","25","1308","0.0191131498470948","5.910550458715596"
"toonily hentai","23","384","0.059895833333333336","7.997395833333333"
"fanza","18","407","0.044226044226044224","8.113022113022113"
"hanime vault","16","46","0.34782608695652173","2.6304347826086953"
"sites like nhentai","8","199","0.04020100502512563","8.150753768844222"
"best doujin site","7","5735","0.0012205754141238012","6.152571926765475"
"nhentai similar","7","110","0.06363636363636363","6.5181818181818185"
"best doujin sites","6","6912","0.0008680555555555555","6.953269675925926"
"juicyelf.com","5","109","0.045871559633027525","7.1192660550458715"
"bokepins","4","79","0.05063291139240506","7.379746835443038"
"hanimevaulte","4","9","0.4444444444444444","3.111111111111111"
"nhentai similar sites","4","28","0.14285714285714285","6.5"
"xanimehub","4","90","0.044444444444444446","6.166666666666667"
"alternatives to nhentai","3","94","0.031914893617021274","5.3936170212765955"
"best hentai streaming site 2026","3","11","0.2727272727272727","7.2727272727272725"
"booru sites","3","31","0.0967741935483871","12.64516129032258"
"hentai valt","3","33","0.09090909090909091","2.8181818181818183"
"hentai valut","3","38","0.07894736842105263","2.736842105263158"
"juicyelf","3","106","0.02830188679245283","8.660377358490566"
"nhentai 2026","3","23","0.13043478260869565","3.608695652173913"
"nhentai substitute","3","15","0.2","5.466666666666667"
"toonily adult","3","39","0.07692307692307693","9.487179487179487"
"alternative nhentai","2","18","0.1111111111111111","5.611111111111111"
"alternative to nhentai","2","59","0.03389830508474576","4.677966101694915"
"best hentai site","2","3","0.6666666666666666","5.666666666666667"
"best nhentai alternatives","2","58","0.034482758620689655","5.689655172413793"
"game free hentai browser japan","2","5","0.4","5.4"
"hentai streaming","2","5","0.4","37.2"
"hentai toonily","2","61","0.03278688524590164","7.377049180327869"
"hentai vailt","2","15","0.13333333333333333","2.8666666666666667"
"hentaistv","2","91","0.02197802197802198","5.615384615384615"
"nhentai alt","2","31","0.06451612903225806","6.129032258064516"
"nhentai alternate","2","23","0.08695652173913043","3.9565217391304346"
"ふぁんざ","2","8","0.25","10.375"
"adult anime streaming sites","1","1","1","33"
"adult manga websites","1","5","0.2","44.4"
"adult toonily","1","1","1","4"
"adultnode","1","97","0.010309278350515464","9.587628865979381"
"ah me adult","1","3","0.3333333333333333","1.6666666666666665"
"anidex torrent","1","1","1","57"
"anime hentai streaming","1","1","1","19"
"animetosho","1","21","0.047619047619047616","30.61904761904762"
"bangbros vault","1","1","1","49"
"best doujin 2026","1","4","0.25","4"
"best doujin pages","1","9","0.1111111111111111","5.444444444444445"
"best doujin website","1","1670","0.0005988023952095808","6.019760479041916"
"best free doujin","1","79","0.012658227848101266","14.164556962025317"
"best hanime 2026","1","3","0.3333333333333333","8.666666666666668"
"best hentai booru","1","17","0.058823529411764705","6.352941176470588"
"best hentai site 2026","1","14","0.07142857142857142","5.142857142857143"
"best hentai sites 2026","1","374","0.00267379679144385","13.79144385026738"
"best hentai streaming sites","1","16","0.0625","8.1875"
"best hentai streaming sites 2026","1","1196","0.0008361204013377926","8.5752508361204"
"best hentai streaming websites 2026","1","120","0.008333333333333333","9.65"
"best nhentai alternative","1","19","0.05263157894736842","4.157894736842105"
"better nhentai","1","4","0.25","4.75"
"better than nhentai","1","17","0.058823529411764705","5.411764705882353"
"de.letmejerk","1","2","0.5","82"
"doujin booru","1","2","0.5","7"
"doujin pages","1","1","1","3"
"doujin site","1","436","0.0022935779816513763","7.823394495412844"
"doujin websites","1","245","0.004081632653061225","4.208163265306123"
"eroge download","1","14","0.07142857142857142","28.5"
"fanza hentai","1","6","0.16666666666666666","6.666666666666667"
"fanza manga hentai","1","1","1","3"
"fc2adult","1","1","1","12"
"hdxtube","1","5","0.2","15.6"
"hentai booru","1","7","0.14285714285714285","9.285714285714286"
"hentai boorus","1","20","0.05","7.1"
"hentai community","1","2","0.5","4"
"hentai free read","1","1","1","22"
"hentai free to read","1","1","1","38"
"hentai imageboard","1","5","0.2","16.4"
"hentai manga reader","1","1","1","40"
"hentai no age restriction","1","1","1","25"
"hentai read 2026","1","4","0.25","10"
"hentai sites 2026","1","8","0.125","5.75"
"hentai stream","1","1","1","5"
"hentai streaming sites 2026","1","85","0.011764705882352941","3.2705882352941176"
"hentai tonilly","1","3","0.3333333333333333","9"
"hentai tv 2026","1","2","0.5","8"
"hentai unblocked","1","1","1","1"
"hentai vualt","1","20","0.05","2.8"
"hentai vult","1","10","0.1","2.9"
"hentai4k","1","41","0.024390243902439025","7.048780487804878"
"hentaibooru","1","4","0.25","10.25"
"hentaigasm 2026","1","2","0.5","9.5"
"hentaigasm genre","1","1","1","28"
"hentairea","1","57","0.017543859649122806","7.614035087719298"
"hentaiw","1","11","0.09090909090909091","2.7272727272727275"
"https://forum.allporncomix.com","1","1","1","63"
"juicyelf.","1","1","1","18"
"mycandygames","1","6","0.16666666666666666","7.5"
"n hentai alternative","1","9","0.1111111111111111","4.333333333333334"
"naruto hentai 2026","1","1","1","9"
"nhentai equivalent","1","9","0.1111111111111111","5.333333333333333"
"nhentai without ads","1","5","0.2","5.8"
"nhentai.net alternative","1","9","0.1111111111111111","9.11111111111111"
"nsfwgify","1","80","0.0125","5.2125"
"pornforteen","1","2","0.5","10"
"sexalarabb","1","28","0.03571428571428571","6.357142857142857"
"shemalepower","1","82","0.012195121951219513","6.475609756097561"
"simpcity for hentai","1","3","0.3333333333333333","6.333333333333333"
"site like nhentai","1","21","0.047619047619047616","6"
"sites better than nhentai","1","13","0.07692307692307693","5.538461538461538"
"sites like nhentai.net","1","5","0.2","9.4"
"teenpornbox","1","8","0.125","5"
"teentube19","1","16","0.0625","6.125"
"theslutporn","1","42","0.023809523809523808","9.119047619047619"
"thumbzilla","1","17","0.058823529411764705","18.176470588235293"
"tommysbookmarks","1","2","0.5","3"
"tonily hentai","1","5","0.2","7.6"
"toonily hentai manwha","1","1","1","7"
"toonily manhwa hentai","1","7","0.14285714285714285","13.428571428571429"
"top doujin site","1","2","0.5","7.5"
"top hentai streaming sites 2026","1","291","0.003436426116838488","3.838487972508591"
"truyenkkz","1","7","0.14285714285714285","40.142857142857146"
"tubev","1","19","0.05263157894736842","14.526315789473685"
"web like nhentai","1","3","0.3333333333333333","6.666666666666667"
"where to read hentai","1","6","0.16666666666666666","18.833333333333332"
"xanimehub.com","1","3","0.3333333333333333","7.333333333333333"
"xemales","1","34","0.029411764705882353","3.5588235294117645"
"成人漫画平台","1","1","1","1"
""adultfriendfinder" -site:reddit.com -site:twitter.com -site:x.com -site:wykop.pl -site:tripadvisor.com -site:youtube.com -site:yelp.com -site:booking.com -site:facebook.com -site:instagram.com -site:tiktok.com","0","1","0","7"
""ashley madison" "discreet dating app" -site:reddit.com -site:twitter.com -site:x.com -site:wykop.pl -site:tripadvisor.com -site:youtube.com -site:yelp.com -site:booking.com -site:facebook.com -site:instagram.com -site:tiktok.com","0","1","0","10"
""blog" tsumino","0","3","0","54.333333333333336"
""fakku"","0","4","0","38.25"
""passion-hd"","0","1","0","3"
"1 pondo","0","2","0","39.5"
"18comic alternative domains 2026","0","1","0","10"
"1pondo","0","1","0","6"
"1ppondo","0","2","0","7.5"
"3hentai","0","4","0","10"
"8muses forum","0","1","0","4"
"8muses similar","0","1","0","11"
"9 hentai so","0","1","0","9"
"9 hentai.so","0","1","0","4"
"9gentai","0","1","0","5"
"9hejtai","0","1","0","5"
"9hentai so","0","5","0","5.6"
"9hentai.so","0","27","0","7.814814814814815"
"9hentai.soo","0","1","0","4"
"?","0","1","0","9"
"??","0","1","0","3"
"a free site","0","1","0","4"
"adult gamesworld","0","1","0","49"
"adult manga for free","0","1","0","35"
"adult manga free","0","1","0","36"
"adult manga site","0","1","0","21"
"adult manga sites","0","3","0","20"
"adult manga website","0","3","0","43"
"adult node","0","6","0","12.833333333333334"
"adult visual database","0","1","0","4"
"adultgames world","0","4","0","8.5"
"adultnide","0","5","0","18.6"
"adultnode.com","0","1","0","9"
"adultnodle","0","1","0","9"
"adultnote","0","1","0","8"
"ah me tube","0","2","0","12"
"ahentai20","0","2","0","5"
"akiba-online forum","0","2","0","8"
"akibaonline.com","0","1","0","82"
"all boorus","0","2","0","8"
"allporncomix","0","1","0","6"
"allporncomix foeum","0","2","0","6"
"allporncomix forum","0","4","0","8.25"
"allporncomix forums","0","1","0","7"
"allporncomixs forum","0","2","0","4"
"allthefallen","0","2","0","38"
"alternative for nhentai","0","9","0","4.555555555555555"
"alternatives to nhentai reddit","0","1","0","8"
"alternatives to nhentai.net","0","10","0","6.2"
"alua vs onlyfans","0","1","0","9"
"amateurtv review","0","2","0","37"
"anacams.com","0","1","0","9"
"anchart","0","8","0","29"
"ani chart","0","5","0","30.2"
"anicahrt","0","3","0","29"
"anichart","0","56","0","29.785714285714285"
"anichart.net","0","2","0","67"
"anichartt","0","1","0","33"
"anichary","0","1","0","32"
"anidex torrents","0","1","0","14"
"anidl","0","8","0","36.875"
"anime boorus","0","4","0","8.25"
"anime community hentai","0","2","0","9.5"
"anime kisa","0","1","0","42"
"anime onsen","0","2","0","78.5"
"anime sharing xxx","0","1","0","9"
"animeakkisa","0","1","0","53"
"animebytes","0","1","0","16"
"animefreak safe","0","1","0","35"
"animeidhenatai","0","16","0","2.9375"
"animeidhentak","0","195","0","9.338461538461539"
"animeidhentau","0","1","0","18"
"animeidhentaş","0","1","0","10"
"animeidhnwtai","0","2","0","8"
"animekisa","0","6","0","43.666666666666664"
"animeonsen","0","41","0","23.463414634146343"
"animeonsen.","0","2","0","25.5"
"animepahe hentai","0","3","0","14"
"animesharing xxx","0","1","0","9"
"animetosho xyz","0","1","0","14"
"animetosho.xyz","0","1","0","7"
"animeultima","0","3","0","53.333333333333336"
"animeultima.eu","0","1","0","82"
"anirena","0","5","0","24.6"
"any shemale","0","9","0","6.888888888888889"
"anysex.com","0","1","0","26"
"ao rated games list","0","1","0","69"
"babeimpact","0","9","0","9.666666666666666"
"babesmachine.com","0","2","0","3"
"babestation encrypted","0","4","0","75"
"bakabt","0","5","0","33.6"
"best 18+ hentai anime websites 2026","0","20","0","10.7"
"best 18+ hentai manga websites 2026","0","18","0","15.444444444444445"
"best 2d hentai anime streaming sites 2026","0","1","0","18"
"best 2d hentai streaming sites 2026","0","2","0","18.5"
"best 2d hentai websites 2026","0","1","0","14"
"best 4k hentai streaming sites 2026","0","17","0","6.470588235294118"
"best ad-free hentai manga sites","0","1","0","19"
"best ad-free hentai manga sites 2026","0","9","0","12.222222222222221"
"best ad-free hentai manga websites 2026","0","1","0","12"
"best ad-free hentai sites 2026","0","1","0","18"
"best ad-free hentai streaming sites","0","2","0","5.5"
"best ad-free hentai streaming sites 2026","0","30","0","14.733333333333333"
"best adult anime hentai sites 2026","0","1","0","9"
"best adult anime hentai websites 2026","0","12","0","9.166666666666666"
"best adult hentai anime websites 2026","0","2","0","8"
"best adult hentai manga websites 2026","0","4","0","16"
"best adult manga hentai websites 2025","0","4","0","14.75"
"best adult manga hentai websites 2026","0","38","0","13.31578947368421"
"best adult manga platforms 2026","0","1","0","17"
"best adult manga sites","0","1","0","5"
"best adult manga sites 2026","0","14","0","11.357142857142858"
"best adult manga website","0","1","0","60"
"best adult manga websites 2026","0","40","0","11.875"
"best adult manga websites hentai","0","3","0","13.666666666666666"
"best adult manhwa hentai recommendations 2025 2026","0","1","0","18"
"best adult visual novels","0","1","0","14"
"best adult visual novels 2026","0","3","0","11.333333333333334"
"best alternative to nhentai","0","7","0","5.857142857142857"
"best alternatives to e-hentai 2026","0","3","0","15.333333333333334"
"best alternatives to e-hentai exhentai 2026","0","4","0","11.5"
"best alternatives to exhentai 2026","0","8","0","7.875"
"best alternatives to nhentai","0","7","0","6"
"best alternatives to nhentai 2025 2026","0","1","0","6"
"best alternatives to nhentai 2025 or 2026","0","1","0","16"
"best alternatives to nhentai 2026","0","30","0","4.733333333333333"
"best android apps for reading hentai manga 2026","0","1","0","12"
"best android apps for reading hentai manga doujinshi 2026","0","2","0","16"
"best anime hentai accounts on x twitter 2025 or 2026","0","3","0","7.666666666666667"
"best anime hentai sites 2026","0","2","0","17.5"
"best anime hentai streaming sites 2026","0","3","0","6"
"best anime hentai twitter accounts 2025 or 2026","0","2","0","11"
"best anime hentai websites 2026","0","5","0","17.2"
"best anime streaming sites that also have hentai 2026","0","2","0","6"
"best apps for reading adult manga hentai 2026","0","1","0","20"
"best apps for reading hentai manga 2025","0","1","0","12"
"best apps for reading hentai manga 2026","0","10","0","9.1"
"best apps for reading hentai manga doujinshi 2026","0","3","0","4.666666666666666"
"best apps for watching adult anime hentai 2026","0","2","0","17.5"
"best apps for watching hentai 2026","0","5","0","14.2"
"best apps for watching hentai anime 2026","0","3","0","14"
"best apps for watching uncensored hentai anime 2026","0","1","0","17"
"best apps to read hentai manga 2026","0","5","0","13.8"
"best apps to watch hentai 2026","0","4","0","14.75"
"best apps to watch hentai anime 2026","0","1","0","10"
"best arabic hentai anime streaming sites 2026","0","1","0","3"
"best arabic hentai manga sites 2025 or 2026","0","4","0","8"
"best arabic hentai manga sites 2026","0","8","0","8.625"
"best arabic hentai sites 2026","0","10","0","8.3"
"best arabic hentai websites 2026","0","25","0","7.28"
"best arabic subbed hentai sites 2026","0","5","0","8"
"best arabic subtitled hentai sites 2026","0","1","0","6"
"best arabic translated hentai manga sites 2026","0","2","0","9"
"best booru sites","0","2","0","7"
"best booru sites 2026","0","8","0","4.375"
"best booru sites for hentai","0","1","0","6"
"best booru sites for hentai 2025 or 2026","0","2","0","2"
"best booru sites for hentai 2026","0","24","0","2.333333333333333"
"best booru sites for hentai images 2026","0","4","0","2.5"
"best booru sites for nsfw anime 2026","0","3","0","2"
"best booru sites for nsfw images","0","1","0","10"
"best boorus","0","6","0","6.666666666666667"
"best chinese hentai manga sites 2026","0","5","0","9.4"
"best chinese hentai manga websites 2026","0","2","0","8"
"best chinese hentai sites with subtitles 2026","0","6","0","8.166666666666668"
"best chinese hentai streaming sites 2026","0","19","0","4.105263157894736"
"best chinese translated hentai manga sites 2026","0","2","0","9"
"best comprehensive hentai manga websites 2026","0","6","0","12"
"best dojin site","0","4","0","8.5"
"best doujin free","0","1","0","10"
"best doujin web","0","9","0","7"
"best doujin websites","0","43","0","11.186046511627907"
"best doujinshi 2026","0","1","0","12"
"best doujinshi download sites 2026","0","1","0","8"
"best doujinshi hentai manga sites 2026","0","1","0","11"
"best doujinshi hentai manga websites 2026","0","2","0","10"
"best doujinshi hentai sites 2026","0","3","0","8"
"best doujinshi hentai websites 2026","0","12","0","10.333333333333334"
"best doujinshi site","0","17","0","9.764705882352942"
"best doujinshi sites","0","47","0","11.53191489361702"
"best doujinshi sites 2025 or 2026","0","7","0","10"
"best doujinshi sites 2026","0","36","0","8.11111111111111"
"best doujinshi website","0","9","0","10.444444444444445"
"best doujinshi websites 2025","0","1","0","16"
"best doujinshi websites 2025 or 2026","0","11","0","7"
"best doujinshi websites 2026","0","99","0","8.545454545454547"
"best doujinshi websites 2026 nhentai alternatives","0","2","0","4"
"best dubbed hentai sites","0","1","0","18"
"best e-hentai alternatives 2025 2026","0","2","0","4"
"best e-hentai alternatives 2025 or 2026","0","6","0","3.1666666666666665"
"best e-hentai alternatives 2026","0","1","0","15"
"best exhentai alternatives 2025 or 2026","0","4","0","5.75"
"best exhentai alternatives 2026","0","27","0","8.851851851851851"
"best free adult manga hentai websites 2026","0","4","0","8.25"
"best free adult manga sites 2026","0","1","0","10"
"best free adult manga websites 2026","0","1","0","11"
"best free adult manhwa sites 2026","0","1","0","16"
"best free anime hentai sites 2026","0","5","0","8.6"
"best free anime hentai streaming sites 2026","0","4","0","6.25"
"best free anime hentai websites 2026","0","1","0","8"
"best free anime streaming sites with hentai 2026","0","2","0","18"
"best free apps for reading hentai manga 2026","0","3","0","17.333333333333332"
"best free apps for watching hentai anime 2026","0","1","0","19"
"best free chinese hentai manga sites 2026","0","5","0","8.8"
"best free chinese hentai manga websites 2026","0","4","0","11.75"
"best free chinese translated hentai manga sites 2026","0","2","0","7"
"best free doujinshi hentai sites 2026","0","2","0","6"
"best free doujinshi reading sites 2026","0","1","0","2"
"best free doujinshi sites","0","2","0","5"
"best free doujinshi sites 2026","0","7","0","4.571428571428571"
"best free doujinshi websites 2026","0","15","0","6.533333333333333"
"best free english hentai manga sites 2026","0","2","0","20"
"best free hentai anime apps 2026","0","2","0","16.5"
"best free hentai anime sites 2026","0","10","0","11"
"best free hentai anime streaming sites 2025 2026","0","3","0","9"
"best free hentai anime streaming sites 2026","0","103","0","13.766990291262136"
"best free hentai anime streaming sites 2026 hanime","0","4","0","6.75"
"best free hentai anime streaming sites 2026 hanime alternatives","0","3","0","8"
"best free hentai anime streaming websites 2026","0","12","0","17.416666666666668"
"best free hentai anime video streaming sites 2026","0","4","0","13.75"
"best free hentai anime websites 2026","0","35","0","14.457142857142857"
"best free hentai apps 2026","0","2","0","19.5"
"best free hentai comic sites 2026","0","6","0","11.666666666666666"
"best free hentai comic websites 2026","0","5","0","7.8"
"best free hentai doujinshi sites 2026","0","13","0","6.153846153846154"
"best free hentai doujinshi websites 2025","0","2","0","13"
"best free hentai doujinshi websites 2026","0","23","0","7.3478260869565215"
"best free hentai download sites 2026","0","1","0","19"
"best free hentai image sites 2026","0","1","0","9"
"best free hentai manga anime websites 2026","0","6","0","10.5"
"best free hentai manga comic sites 2026","0","1","0","14"
"best free hentai manga doujinshi sites 2026","0","14","0","8.571428571428571"
"best free hentai manga doujinshi websites 2026","0","11","0","8.727272727272727"
"best free hentai manga reader sites","0","1","0","5"
"best free hentai manga reader sites 2026","0","1","0","9"
"best free hentai manga readers 2026","0","2","0","2.5"
"best free hentai manga reading sites","0","3","0","15"
"best free hentai manga reading sites 2026","0","8","0","9.75"
"best free hentai manga sites","0","10","0","10.8"
"best free hentai manga sites 2025 2026","0","2","0","9.5"
"best free hentai manga sites 2025 or 2026","0","6","0","10"
"best free hentai manga sites 2026","0","138","0","10.840579710144928"
"best free hentai manga sites 2026 nhentai alternatives","0","45","0","4.155555555555555"
"best free hentai manga sites 2026 nhentai hitomi","0","17","0","6.823529411764706"
"best free hentai manga sites accessible in china without vpn 2026","0","1","0","8"
"best free hentai manga sites nhentai alternatives","0","5","0","8.6"
"best free hentai manga sites no registration 2026","0","1","0","10"
"best free hentai manga websites","0","1","0","10"
"best free hentai manga websites 2025","0","1","0","17"
"best free hentai manga websites 2025 or 2026","0","4","0","8.5"
"best free hentai manga websites 2026","0","243","0","11.292181069958847"
"best free hentai manga websites 2026 nhentai alternatives","0","5","0","7.6"
"best free hentai manhwa sites 2026","0","4","0","7.25"
"best free hentai manhwa websites 2026","0","1","0","10"
"best free hentai reading sites 2026","0","2","0","8"
"best free hentai sites 2026","0","5","0","21.4"
"best free hentai sites 2026 hanime","0","7","0","5.857142857142857"
"best free hentai sites 2026 hanime.tv alternatives","0","2","0","17.5"
"best free hentai sites 2026 nhentai alternatives","0","15","0","3.466666666666667"
"best free hentai sites 2026 uncensored","0","5","0","7.4"
"best free hentai sites 2026 uncensored hd","0","1","0","6"
"best free hentai sites 2026 working","0","1","0","20"
"best free hentai sites high quality 2026","0","4","0","6.5"
"best free hentai sites nhentai alternatives","0","2","0","9"
"best free hentai sites no ads 2025 or 2026","0","1","0","19"
"best free hentai sites no age verification 2026","0","1","0","18"
"best free hentai sites no registration 2026","0","1","0","9"
"best free hentai streaming and download sites 2026","0","2","0","8"
"best free hentai streaming apps 2026","0","1","0","15"
"best free hentai streaming site 2026","0","4","0","4"
"best free hentai streaming sites 2025","0","3","0","9.666666666666666"
"best free hentai streaming sites 2025 2026","0","17","0","7.529411764705882"
"best free hentai streaming sites 2025 or 2026","0","11","0","7.636363636363637"
"best free hentai streaming sites 2026","0","649","0","7.229583975346687"
"best free hentai streaming sites 2026 hanime","0","31","0","4.741935483870968"
"best free hentai streaming sites 2026 hanime alternatives","0","13","0","9.153846153846153"
"best free hentai streaming sites 2026 hanime hentaihaven","0","4","0","7.25"
"best free hentai streaming sites 2026 hanime.tv","0","2","0","4"
"best free hentai streaming sites 2026 hanime.tv alternatives","0","2","0","12"
"best free hentai streaming sites 2026 hanime.tv hentai haven","0","14","0","10.285714285714286"
"best free hentai streaming sites 2026 hanime.tv hentaihaven","0","7","0","8.857142857142858"
"best free hentai streaming sites 2026 new releases","0","2","0","19.5"
"best free hentai streaming sites 2026 no ads","0","7","0","6"
"best free hentai streaming sites 2026 no ads or low ads","0","5","0","3"
"best free hentai streaming sites 2026 no ads or safe","0","2","0","19"
"best free hentai streaming sites 2026 no sign up","0","3","0","4.666666666666666"
"best free hentai streaming sites 2026 uncensored","0","27","0","6.481481481481482"
"best free hentai streaming sites 2026 working","0","3","0","18.333333333333332"
"best free hentai streaming sites no ads 2026","0","6","0","5.666666666666667"
"best free hentai streaming sites no registration 2026","0","6","0","4.666666666666666"
"best free hentai streaming sites no vpn 2026","0","1","0","19"
"best free hentai streaming sites uncensored 2026","0","10","0","6.3"
"best free hentai streaming websites 2026","0","60","0","9.8"
"best free hentai video streaming sites 2026","0","9","0","12"
"best free hentai video websites 2026","0","1","0","15"
"best free hentai websites 2026","0","20","0","11.8"
"best free hentai websites 2026 hanime","0","1","0","6"
"best free hentai websites 2026 hanime alternatives","0","2","0","8"
"best free hentai websites 2026 nhentai alternatives","0","6","0","4"
"best free hentai websites 2026 uncensored","0","4","0","8.25"
"best free hentai websites no vpn 2026","0","2","0","15"
"best free high quality hentai anime streaming sites 2026","0","4","0","6.75"
"best free high quality hentai manga websites 2026","0","1","0","14"
"best free high quality hentai sites 2026","0","1","0","9"
"best free japanese hentai manga websites 2026","0","4","0","15.5"
"best free jav uncensored streaming sites 2026","0","2","0","6"
"best free nhentai alternatives 2026","0","10","0","4.8"
"best free no ads hentai manga reader apps websites 2026","0","2","0","2"
"best free ntr hentai streaming sites 2026","0","4","0","6.5"
"best free pornhwa sites 2026","0","3","0","12"
"best free pornhwa websites 2026","0","3","0","14.333333333333334"
"best free safe hentai manga websites 2026","0","1","0","15"
"best free safe hentai streaming sites 2026","0","7","0","18.142857142857142"
"best free safe hentai websites 2026","0","1","0","10"
"best free sites to read hentai manga 2026","0","2","0","17"
"best free sites to watch hentai online 2026","0","1","0","11"
"best free uncensored ecchi anime streaming sites 2026","0","1","0","18"
"best free uncensored hentai anime sites 2026","0","5","0","9"
"best free uncensored hentai anime streaming sites 2026","0","24","0","9.958333333333334"
"best free uncensored hentai anime websites 2026","0","4","0","13.25"
"best free uncensored hentai manga sites 2026","0","3","0","8"
"best free uncensored hentai manga websites 2026","0","3","0","10"
"best free uncensored hentai sites 2025 2026","0","1","0","16"
"best free uncensored hentai sites 2026","0","70","0","8.8"
"best free uncensored hentai streaming sites 2026","0","86","0","5.465116279069767"
"best free uncensored hentai streaming sites 2026 hanime.tv alternatives","0","1","0","10"
"best free uncensored hentai streaming sites 2026 no mosaic","0","3","0","12.666666666666666"
"best free uncensored hentai video sites 2026","0","4","0","13.25"
"best free uncensored hentai websites 2026","0","24","0","8.708333333333332"
"best free websites to watch uncensored hentai anime 2026","0","1","0","19"
"best free yaoi hentai streaming sites 2026","0","2","0","6.5"
"best full color hentai manga sites 2026","0","3","0","18"
"best futanari hentai manga sites 2026","0","1","0","10"
"best hanime alternatives 2026","0","1","0","18"
"best hanime alternatives 2026 hentai streaming sites","0","3","0","9.333333333333334"
"best hanime websites 2026","0","4","0","16.5"
"best hanime.tv alternatives 2026","0","1","0","15"
"best hanime.tv alternatives 2026 hentai streaming sites","0","1","0","12"
"best hentai 2024","0","1","0","10"
"best hentai 26","0","1","0","26"
"best hentai accounts on twitter x 2025 or 2026","0","2","0","6"
"best hentai accounts on x twitter 2025 or 2026","0","10","0","17.5"
"best hentai animation sites 2026","0","1","0","18"
"best hentai animation websites 2026","0","1","0","20"
"best hentai anime apps 2026","0","9","0","15"
"best hentai anime download sites 2026","0","1","0","20"
"best hentai anime sites 2026","0","24","0","14.375"
"best hentai anime sites 2026 uncensored","0","2","0","8.5"
"best hentai anime sites 2026 working","0","2","0","18"
"best hentai anime streaming sites 2025","0","2","0","10"
"best hentai anime streaming sites 2025 2026","0","7","0","10.571428571428571"
"best hentai anime streaming sites 2025 or 2026","0","9","0","10"
"best hentai anime streaming sites 2026","0","766","0","10.620104438642297"
"best hentai anime streaming sites 2026 hanime","0","13","0","5.461538461538462"
"best hentai anime streaming sites 2026 uncensored","0","16","0","7.9375"
"best hentai anime streaming websites 2025 2026","0","1","0","10"
"best hentai anime streaming websites 2026","0","79","0","12.379746835443038"
"best hentai anime video streaming sites 2026","0","48","0","12.5"
"best hentai anime websites 2025 or 2026","0","3","0","10"
"best hentai anime websites 2026","0","369","0","12.379403794037941"
"best hentai app 2026","0","2","0","15.5"
"best hentai apps 2026","0","13","0","15.307692307692308"
"best hentai booru sites 2026","0","2","0","3"
"best hentai comic sites 2025","0","1","0","12"
"best hentai comic sites 2025 or 2026","0","1","0","13"
"best hentai comic sites 2026","0","4","0","14"
"best hentai comic websites 2026","0","1","0","12"
"best hentai comics recommendations 2025 2026","0","1","0","19"
"best hentai comics sites 2026","0","1","0","15"
"best hentai communities 2026","0","2","0","1"
"best hentai doujin sites","0","1","0","20"
"best hentai doujinshi recommendations 2024 2025","0","2","0","12.5"
"best hentai doujinshi recommendations 2025","0","1","0","16"
"best hentai doujinshi recommendations 2025 2026","0","17","0","8"
"best hentai doujinshi site","0","1","0","4"
"best hentai doujinshi sites 2025 2026","0","2","0","8"
"best hentai doujinshi sites 2026","0","8","0","8.5"
"best hentai doujinshi websites 2025","0","2","0","18.5"
"best hentai doujinshi websites 2025 or 2026","0","3","0","8"
"best hentai doujinshi websites 2026","0","75","0","8.266666666666666"
"best hentai download sites 2026","0","34","0","8.352941176470587"
"best hentai download websites 2026","0","1","0","7"
"best hentai gallery sites 2026","0","2","0","8"
"best hentai games itch.io 2025 2026","0","2","0","10"
"best hentai haven alternatives 2026","0","7","0","18"
"best hentai image board","0","3","0","9.666666666666666"
"best hentai image sites 2026","0","3","0","6.333333333333333"
"best hentai image websites 2026","0","6","0","14"
"best hentai manga 2025 2026 recommendations","0","2","0","10"
"best hentai manga apps 2026","0","2","0","13"
"best hentai manga doujinshi sites","0","3","0","7.666666666666667"
"best hentai manga doujinshi sites 2025 2026","0","4","0","10"
"best hentai manga doujinshi sites 2026","0","27","0","5.518518518518518"
"best hentai manga doujinshi websites 2025","0","2","0","10"
"best hentai manga doujinshi websites 2026","0","19","0","7.842105263157895"
"best hentai manga download sites 2026","0","1","0","18"
"best hentai manga reader apps 2026","0","1","0","3"
"best hentai manga reader sites 2026","0","2","0","7.5"
"best hentai manga reading sites 2025","0","1","0","8"
"best hentai manga reading sites 2026","0","41","0","11.097560975609756"
"best hentai manga reading websites 2026","0","6","0","11.666666666666666"
"best hentai manga recommendations 2025 2026","0","7","0","9.571428571428571"
"best hentai manga recommendations 2025 or 2026","0","1","0","9"
"best hentai manga recommendations 2026","0","3","0","9"
"best hentai manga site 2026","0","1","0","5"
"best hentai manga sites 2025","0","12","0","9.333333333333334"
"best hentai manga sites 2025 or 2026","0","9","0","12.88888888888889"
"best hentai manga sites 2026","0","218","0","10.619266055045872"
"best hentai manga sites 2026 nhentai alternatives","0","50","0","4.04"
"best hentai manga sites 2026 nhentai hitomi","0","5","0","5.2"
"best hentai manga sites 2026 nhentai hitomi e-hentai","0","10","0","4.6"
"best hentai manga sites 2026 nhentai hitomi.la alternatives","0","2","0","16"
"best hentai manga sites 2026 working","0","1","0","9"
"best hentai manga sites like nhentai 2026","0","1","0","10"
"best hentai manga sites nhentai alternatives","0","13","0","8"
"best hentai manga sites no ads 2026","0","1","0","9"
"best hentai manga websites 2025","0","31","0","15.806451612903226"
"best hentai manga websites 2025 2026","0","3","0","9.666666666666666"
"best hentai manga websites 2025 or 2026","0","14","0","13.285714285714286"
"best hentai manga websites 2026","0","356","0","11.008426966292134"
"best hentai manga websites 2026 free","0","4","0","13.5"
"best hentai manga websites 2026 nhentai alternatives","0","14","0","6.214285714285714"
"best hentai manga websites recommendations 2026","0","2","0","13.5"
"best hentai manhwa sites 2026","0","7","0","15"
"best hentai manhwa websites 2026","0","2","0","12"
"best hentai ova streaming sites 2026","0","4","0","3"
"best hentai reader apps android 2026","0","5","0","10.8"
"best hentai reading site","0","4","0","4"
"best hentai reading sites","0","1","0","10"
"best hentai reading sites 2026","0","12","0","9.583333333333334"
"best hentai search engines 2026","0","4","0","8.75"
"best hentai site 2026 reddit","0","2","0","6"
"best hentai site reddit 2026","0","2","0","6.5"
"best hentai sites","0","4","0","7.75"
"best hentai sites 2025 or 2026","0","1","0","7"
"best hentai sites 2026 free streaming","0","6","0","3.3333333333333335"
"best hentai sites 2026 free uncensored","0","5","0","7.2"
"best hentai sites 2026 hanime","0","16","0","6.5"
"best hentai sites 2026 hanime alternatives","0","6","0","6"
"best hentai sites 2026 hanime.tv alternatives","0","5","0","17.4"
"best hentai sites 2026 hanime.tv hentaihaven","0","1","0","19"
"best hentai sites 2026 high quality","0","6","0","4.333333333333334"
"best hentai sites 2026 nhentai alternatives","0","31","0","5.516129032258065"
"best hentai sites 2026 uncensored","0","20","0","6.1"
"best hentai sites for streaming 2026","0","1","0","4"
"best hentai sites like hanime.tv 2026","0","1","0","10"
"best hentai sites like hitomi.la 2026","0","2","0","17"
"best hentai sites like nhentai hitomi.la e-hentai","0","1","0","5"
"best hentai sites nhentai alternatives","0","6","0","5.5"
"best hentai sites reddit 2026","0","2","0","6.5"
"best hentai sites uncensored 2026","0","6","0","6.333333333333333"
"best hentai sites with least ads 2026","0","1","0","10"
"best hentai sites with minimal ads 2026","0","1","0","10"
"best hentai sites without ads 2026","0","2","0","13.5"
"best hentai stream","0","2","0","29.5"
"best hentai stream site","0","1","0","1"
"best hentai streaming","0","4","0","8.75"
"best hentai streaming apps 2025 2026","0","2","0","7"
"best hentai streaming apps 2026","0","20","0","11.65"
"best hentai streaming service","0","2","0","7"
"best hentai streaming services","0","1","0","7"
"best hentai streaming services 2026","0","7","0","5.142857142857143"
"best hentai streaming sites 2025","0","9","0","10.666666666666666"
"best hentai streaming sites 2025 2026","0","20","0","7.5"
"best hentai streaming sites 2025 or 2026","0","29","0","7.310344827586207"
"best hentai streaming sites 2026 alternatives to hanime","0","2","0","3.5"
"best hentai streaming sites 2026 alternatives to hanime.tv","0","3","0","16"
"best hentai streaming sites 2026 alternatives to hanime1","0","2","0","4"
"best hentai streaming sites 2026 free","0","2","0","8"
"best hentai streaming sites 2026 free uncensored","0","1","0","17"
"best hentai streaming sites 2026 hanime","0","63","0","4.73015873015873"
"best hentai streaming sites 2026 hanime alternatives","0","27","0","5.518518518518518"
"best hentai streaming sites 2026 hanime hentai haven","0","12","0","5.833333333333333"
"best hentai streaming sites 2026 hanime hentaihaven","0","20","0","5.85"
"best hentai streaming sites 2026 hanime hentaihaven alternatives","0","2","0","1.5"
"best hentai streaming sites 2026 hanime tv alternatives","0","6","0","11.166666666666666"
"best hentai streaming sites 2026 hanime.tv","0","12","0","6.333333333333333"
"best hentai streaming sites 2026 hanime.tv alternatives","0","31","0","14.483870967741936"
"best hentai streaming sites 2026 hanime.tv hentai haven","0","12","0","8.333333333333332"
"best hentai streaming sites 2026 hanime.tv hentaihaven","0","16","0","8.75"
"best hentai streaming sites 2026 high quality","0","5","0","6.6"
"best hentai streaming sites 2026 like hanime","0","11","0","4.454545454545455"
"best hentai streaming sites 2026 like hanime.tv","0","3","0","16"
"best hentai streaming sites 2026 list","0","6","0","11.5"
"best hentai streaming sites 2026 no ads","0","3","0","4.666666666666666"
"best hentai streaming sites 2026 online watch","0","1","0","17"
"best hentai streaming sites 2026 reddit","0","1","0","5"
"best hentai streaming sites 2026 safe","0","1","0","7"
"best hentai streaming sites 2026 uncensored","0","67","0","4.8059701492537314"
"best hentai streaming sites 2026 working","0","8","0","14.25"
"best hentai streaming sites 2026 working domains","0","1","0","10"
"best hentai streaming sites 2026 working links","0","2","0","13"
"best hentai streaming sites like hanime 2026","0","2","0","7"
"best hentai streaming sites like hanime.tv 2026","0","4","0","15.25"
"best hentai streaming sites like hanime1 2026","0","2","0","8"
"best hentai streaming sites no ads","0","14","0","7.428571428571429"
"best hentai streaming sites no ads 2026","0","8","0","8.875"
"best hentai streaming sites uncensored 2026","0","12","0","3.0833333333333335"
"best hentai streaming sites with chinese subtitles 2026","0","8","0","6.25"
"best hentai studios 2025 or 2026","0","1","0","17"
"best hentai video sites 2026","0","30","0","14.166666666666666"
"best hentai video sites 2026 hanime","0","13","0","9.538461538461538"
"best hentai video sites 2026 hanime alternatives","0","4","0","13.75"
"best hentai video sites 2026 hanime.tv alternatives","0","2","0","19.5"
"best hentai video sites 2026 uncensored","0","2","0","8"
"best hentai video streaming sites 2025 2026","0","3","0","10.666666666666666"
"best hentai video streaming sites 2026","0","169","0","9.21301775147929"
"best hentai video websites 2026","0","1","0","16"
"best hentai visual novels 2024 2025","0","1","0","20"
"best hentai visual novels 2026","0","1","0","14"
"best hentai website","0","1","0","10"
"best hentai website in 2026","0","1","0","3"
"best hentai websites 2025 2026","0","2","0","10.5"
"best hentai websites 2025 or 2026","0","4","0","10"
"best hentai websites 2026","0","664","0","14.457831325301205"
"best hentai websites 2026 alternatives to hanime.tv","0","2","0","17.5"
"best hentai websites 2026 free","0","2","0","6"
"best hentai websites 2026 free streaming","0","21","0","6.190476190476191"
"best hentai websites 2026 free uncensored","0","10","0","6.7"
"best hentai websites 2026 hanime","0","28","0","6.642857142857143"
"best hentai websites 2026 hanime alternatives","0","13","0","12.615384615384615"
"best hentai websites 2026 hanime.tv alternatives","0","1","0","14"
"best hentai websites 2026 hanime.tv hentai haven","0","1","0","17"
"best hentai websites 2026 hanime.tv hentaihaven","0","1","0","10"
"best hentai websites 2026 high quality","0","10","0","8.3"
"best hentai websites 2026 most complete","0","3","0","7.666666666666667"
"best hentai websites 2026 nhentai alternatives","0","42","0","4.642857142857142"
"best hentai websites 2026 or 2025","0","3","0","13"
"best hentai websites 2026 uncensored","0","28","0","5.035714285714286"
"best hentai websites 2026 working","0","6","0","9.666666666666666"
"best hentai websites list 2026","0","2","0","16"
"best hentai websites recommendations 2026","0","3","0","7"
"best hentai websites reddit 2025 or 2026","0","2","0","6.5"
"best hentais on crunchyroll","0","1","0","21"
"best high quality hentai anime streaming sites 2026","0","18","0","9.444444444444445"
"best high quality hentai anime websites 2026","0","6","0","12.5"
"best high quality hentai manga sites 2026","0","3","0","7.666666666666667"
"best high quality hentai manga websites 2026","0","3","0","10.666666666666666"
"best high quality hentai sites 2026","0","22","0","7.454545454545454"
"best high quality hentai streaming sites 2026","0","14","0","5"
"best high quality hentai video sites 2026","0","2","0","11"
"best high quality hentai websites 2026","0","22","0","9.772727272727273"
"best hitomi.la alternatives 2025 or 2026","0","1","0","10"
"best hitomi.la alternatives 2026","0","2","0","15"
"best japanese av streaming websites 2026","0","1","0","19"
"best japanese hentai anime streaming sites 2026","0","6","0","10.333333333333334"
"best japanese hentai manga websites 2026","0","2","0","17"
"best japanese hentai sites 2026","0","1","0","13"
"best japanese hentai streaming sites 2026","0","2","0","14.5"
"best japanese hentai websites 2026","0","1","0","15"
"best legal free hentai streaming sites 2026","0","1","0","10"
"best legal hentai anime streaming sites 2026","0","5","0","8"
"best legal hentai manga websites 2026","0","1","0","11"
"best legal hentai platforms 2026","0","2","0","16"
"best legal hentai sites 2026","0","1","0","12"
"best legal hentai streaming platforms 2026","0","2","0","4"
"best legal hentai streaming services 2026","0","2","0","11"
"best legal hentai streaming sites 2026","0","11","0","10.909090909090908"
"best legal hentai websites 2026","0","3","0","6.333333333333333"
"best legal sites for uncensored hentai 2026","0","4","0","9.5"
"best legal sites to watch hentai 2026","0","2","0","9"
"best legal sites to watch hentai online 2026","0","3","0","5.333333333333333"
"best legal sites to watch uncensored hentai 2026","0","2","0","7.5"
"best legal uncensored hentai streaming sites 2026","0","4","0","8"
"best manga hentai 2026","0","4","0","6.75"
"best manhwa hentai sites 2026","0","14","0","13.428571428571429"
"best naruto hentai sites 2026","0","3","0","12.333333333333334"
"best new hentai manga 2025 2026","0","1","0","8"
"best new hentai sites 2025 2026","0","1","0","11"
"best nhentai alternatives 2025 2026","0","19","0","2.6842105263157894"
"best nhentai alternatives 2025 or 2026","0","43","0","3.813953488372093"
"best nhentai alternatives 2026","0","222","0","4.576576576576576"
"best nhentai alternatives 2026 hitomi e-hentai","0","2","0","2.5"
"best nhentai alternatives 2026 hitomi.la e-hentai","0","2","0","1.5"
"best nhentai downloader 2026","0","16","0","6.9375"
"best nhentai mirrors 2026","0","22","0","4.818181818181818"
"best nhentai mirrors or alternatives 2026","0","4","0","4.75"
"best nhentai mirrors or proxies 2026","0","1","0","10"
"best nsfw anime hentai websites 2026","0","2","0","6"
"best nsfw anime streaming sites 2026","0","2","0","17"
"best nsfw anime websites 2026","0","4","0","18.75"
"best nsfw booru","0","5","0","4"
"best nsfw booru sites 2026","0","20","0","5.25"
"best nsfw hentai anime websites 2026","0","2","0","5"
"best nsfw hentai manga websites 2026","0","3","0","19"
"best nsfw manga sites 2026","0","4","0","14.25"
"best ntr hentai manga sites 2026","0","2","0","17.5"
"best ongoing hentai manga 2026","0","1","0","10"
"best paid hentai subscription sites 2026","0","3","0","7.333333333333333"
"best place to read hentai","0","4","0","10.75"
"best place to read hentai manga","0","2","0","7.5"
"best places to read hentai","0","3","0","17"
"best places to watch hentai online 2026","0","3","0","13.333333333333334"
"best platforms to watch hentai 2026","0","1","0","15"
"best porn manga sites 2026","0","1","0","20"
"best porn manhwa sites 2026","0","8","0","13.875"
"best pornhwa sites 2026","0","1","0","20"
"best pornwha sites 2026","0","2","0","15.5"
"best premium hentai streaming sites 2026","0","1","0","9"
"best premium uncensored hentai sites 2026","0","2","0","17.5"
"best quality hentai sites 2026","0","3","0","13.666666666666666"
"best r18 hentai anime websites 2026","0","3","0","15.666666666666666"
"best r18 hentai manga websites 2026","0","13","0","14.384615384615385"
"best r18 manga websites 2026","0","1","0","14"
"best realistic hentai sites 2026","0","1","0","11"
"best reliable hentai sites 2026","0","2","0","5"
"best reliable hentai streaming sites 2026","0","1","0","7"
"best reliable hentai websites 2026","0","2","0","5"
"best reputable hentai websites 2026","0","2","0","9"
"best reverse image search for hentai doujinshi 2026","0","1","0","15"
"best rule34 booru sites 2026","0","2","0","2"
"best russian hentai manga sites 2026","0","7","0","7.285714285714286"
"best russian hentai sites 2026","0","2","0","11.5"
"best safe free hentai streaming sites 2026","0","9","0","11.88888888888889"
"best safe hentai anime streaming sites 2026","0","1","0","11"
"best safe hentai manga sites 2026","0","11","0","9.545454545454545"
"best safe hentai manga websites 2026","0","1","0","7"
"best safe hentai sites 2026","0","1","0","13"
"best safe hentai sites no viruses 2026","0","2","0","20"
"best safe hentai streaming sites 2025 2026","0","2","0","15.5"
"best safe hentai streaming sites 2026","0","13","0","11"
"best safe hentai streaming sites 2026 no malware","0","4","0","12.5"
"best safe hentai streaming sites 2026 no virus","0","2","0","5.5"
"best safe hentai websites 2026","0","3","0","13.666666666666666"
"best safe hentai websites 2026 no malware","0","1","0","7"
"best safe hentai websites no viruses 2026","0","1","0","9"
"best safe legal hentai streaming sites 2026","0","2","0","19.5"
"best safe sites to read hentai manga 2026","0","2","0","18"
"best safe uncensored hentai sites 2026","0","1","0","10"
"best safe websites to watch hentai 2026","0","7","0","18.285714285714285"
"best sites for adult anime hentai 2026","0","4","0","7.5"
"best sites for adult manga hentai","0","2","0","17.5"
"best sites for adult manga hentai 2026","0","7","0","7.285714285714286"
"best sites for anime hentai 2026","0","1","0","17"
"best sites for arabic subbed hentai 2026","0","2","0","4.5"
"best sites for chinese translated hentai manga 2026","0","6","0","6.666666666666667"
"best sites for demon slayer hentai 2026","0","1","0","8"
"best sites for doujinshi 2026","0","1","0","3"
"best sites for doujinshi hentai 2026","0","7","0","7.428571428571429"
"best sites for english dubbed hentai 2026","0","5","0","9.8"
"best sites for full color hentai manga 2026","0","1","0","18"
"best sites for hentai anime 2026","0","1","0","10"
"best sites for hentai doujinshi 2026","0","3","0","15"
"best sites for hentai images 2026","0","2","0","6"
"best sites for hentai manga 2026","0","2","0","11.5"
"best sites for hentai manga doujinshi 2026","0","2","0","18.5"
"best sites for hentai manhwa 2026","0","3","0","12"
"best sites for high quality hentai anime 2026","0","1","0","12"
"best sites for high quality uncensored hentai 2026","0","7","0","6.285714285714286"
"best sites for korean adult manhwa hentai 2026","0","2","0","18"
"best sites for latest uncensored hentai 2026","0","4","0","8"
"best sites for new uncensored hentai 2026","0","4","0","10.75"
"best sites for ntr hentai manga 2026","0","1","0","15"
"best sites for uncensored anime hentai 2026","0","1","0","4"
"best sites for uncensored hentai 2026","0","140","0","8.957142857142857"
"best sites for uncensored hentai anime 2026","0","63","0","9.206349206349206"
"best sites for uncensored hentai anime streaming 2026","0","12","0","9.25"
"best sites for uncensored hentai images 2026","0","2","0","8.5"
"best sites for uncensored hentai manga 2026","0","7","0","9.857142857142858"
"best sites for uncensored hentai manga doujinshi 2026","0","2","0","12.5"
"best sites for uncensored hentai ovas 2026","0","3","0","8"
"best sites for uncensored hentai streaming 2026","0","16","0","5.5625"
"best sites for uncensored hentai videos 2026","0","4","0","17.75"
"best sites for uncensored japanese hentai anime 2026","0","2","0","15"
"best sites for uncensored manhwa hentai 2026","0","1","0","14"
"best sites for uncensored pornhwa 2026","0","1","0","20"
"best sites for uncensored yaoi hentai 2026","0","4","0","8.5"
"best sites for watching hentai anime 2026","0","5","0","14.8"
"best sites to download hentai 2026","0","1","0","12"
"best sites to download hentai anime 2026","0","8","0","11.125"
"best sites to download uncensored hentai 2026","0","5","0","8.2"
"best sites to download uncensored hentai anime 2026","0","6","0","10.166666666666666"
"best sites to read doujinshi online 2026","0","1","0","12"
"best sites to read hentai 2026","0","7","0","12.428571428571429"
"best sites to read hentai doujinshi 2026","0","2","0","12.5"
"best sites to read hentai manga","0","1","0","29"
"best sites to read hentai manga 2026","0","58","0","12.327586206896552"
"best sites to read hentai manga free","0","1","0","12"
"best sites to read hentai manga online 2026","0","27","0","13.666666666666666"
"best sites to read hentai manga online free","0","10","0","18"
"best sites to read hentai manga online free 2026","0","2","0","17"
"best sites to read hentai manhwa 2026","0","6","0","13.833333333333334"
"best sites to read hentai manhwa online free","0","1","0","19"
"best sites to read hentai online 2026","0","1","0","10"
"best sites to read uncensored hentai manga 2026","0","4","0","14"
"best sites to watch hanime 2026","0","1","0","7"
"best sites to watch hentai 2026","0","33","0","15.393939393939394"
"best sites to watch hentai anime 2026","0","18","0","13.222222222222221"
"best sites to watch hentai anime online 2026","0","3","0","16.666666666666664"
"best sites to watch hentai legally 2026","0","1","0","10"
"best sites to watch hentai online 2026","0","26","0","10.923076923076923"
"best sites to watch hentai online 2026 free","0","1","0","12"
"best sites to watch hentai online 2026 hanime.tv alternatives","0","2","0","18"
"best sites to watch hentai online 2026 uncensored","0","2","0","9"
"best sites to watch hentai online free 2026","0","4","0","11.25"
"best sites to watch hentai online uncensored 2026","0","1","0","5"
"best sites to watch hentai uncensored 2026","0","13","0","5"
"best sites to watch latest hentai 2026","0","18","0","8.444444444444445"
"best sites to watch latest hentai anime 2026","0","1","0","7"
"best sites to watch new hentai 2026","0","11","0","7.454545454545454"
"best sites to watch overflow hentai uncensored 2026","0","1","0","20"
"best sites to watch uncensored ecchi anime 2026","0","1","0","18"
"best sites to watch uncensored hentai 2026","0","120","0","7.366666666666666"
"best sites to watch uncensored hentai anime 2026","0","30","0","8.6"
"best sites to watch uncensored hentai anime online 2026","0","3","0","14"
"best sites to watch uncensored hentai online 2026","0","21","0","9.666666666666666"
"best sites to watch uncensored hentai online free 2026","0","3","0","5"
"best spanish hentai manga sites 2026","0","2","0","9.5"
"best streaming hentai","0","1","0","7"
"best unblocked hentai sites 2026","0","8","0","11"
"best unblocked hentai websites 2026","0","8","0","10.625"
"best uncensored 3d hentai sites 2026","0","1","0","16"
"best uncensored adult manhwa sites 2026","0","2","0","20"
"best uncensored anime streaming sites 2026","0","1","0","17"
"best uncensored ecchi anime streaming sites 2026","0","6","0","13.666666666666666"
"best uncensored hentai anime sites 2026","0","46","0","8.195652173913043"
"best uncensored hentai anime streaming sites 2026","0","119","0","9.327731092436975"
"best uncensored hentai anime websites 2026","0","29","0","10.827586206896552"
"best uncensored hentai comic sites 2026","0","1","0","20"
"best uncensored hentai download sites 2026","0","2","0","9"
"best uncensored hentai image sites 2026","0","4","0","10.75"
"best uncensored hentai manga sites","0","1","0","20"
"best uncensored hentai manga sites 2025 or 2026","0","1","0","9"
"best uncensored hentai manga sites 2026","0","15","0","14.066666666666666"
"best uncensored hentai manga websites 2025 2026","0","2","0","19.5"
"best uncensored hentai manga websites 2026","0","7","0","12.571428571428571"
"best uncensored hentai manhwa sites 2026","0","2","0","15"
"best uncensored hentai on hanime.tv 2025 2026","0","1","0","7"
"best uncensored hentai on hanime.tv 2026","0","3","0","3.3333333333333335"
"best uncensored hentai sites 2025","0","2","0","20"
"best uncensored hentai sites 2025 2026","0","4","0","11.25"
"best uncensored hentai sites 2025 or 2026","0","5","0","10"
"best uncensored hentai sites 2026","0","447","0","10.064876957494407"
"best uncensored hentai sites 2026 hanime","0","3","0","7.333333333333333"
"best uncensored hentai sites 2026 hanime alternatives","0","4","0","7"
"best uncensored hentai sites 2026 hanime.tv alternatives","0","5","0","13.2"
"best uncensored hentai sites 2026 high quality","0","8","0","7.25"
"best uncensored hentai sites 2026 no mosaic","0","5","0","13.2"
"best uncensored hentai sites 2026 working","0","7","0","7.857142857142857"
"best uncensored hentai sites free 2026","0","1","0","6"
"best uncensored hentai sites high quality 2026","0","8","0","7.625"
"best uncensored hentai sites no blur 2026","0","1","0","10"
"best uncensored hentai sites no mosaic 2026","0","3","0","17.666666666666668"
"best uncensored hentai streaming sites 2025 2026","0","3","0","8.333333333333332"
"best uncensored hentai streaming sites 2026","0","370","0","6.383783783783784"
"best uncensored hentai streaming sites 2026 alternatives to hanime.tv","0","1","0","20"
"best uncensored hentai streaming sites 2026 hanime.tv alternatives","0","8","0","8.25"
"best uncensored hentai streaming sites 2026 no block","0","2","0","10.5"
"best uncensored hentai streaming sites 2026 no blur","0","3","0","9.333333333333334"
"best uncensored hentai streaming sites 2026 no censorship","0","1","0","11"
"best uncensored hentai streaming sites 2026 no mosaic","0","6","0","10.166666666666666"
"best uncensored hentai streaming sites no ads 2026","0","3","0","3.3333333333333335"
"best uncensored hentai video sites 2026","0","21","0","10.333333333333334"
"best uncensored hentai video streaming sites 2026","0","20","0","8.25"
"best uncensored hentai websites 2025 2026","0","1","0","8"
"best uncensored hentai websites 2025 or 2026","0","2","0","9.5"
"best uncensored hentai websites 2026","0","223","0","9.79372197309417"
"best uncensored manhwa hentai sites 2026","0","6","0","10.333333333333334"
"best uncensored pornhwa sites 2026","0","7","0","10.571428571428571"
"best uncensored yaoi hentai sites 2026","0","1","0","8"
"best websites for adult anime hentai 2026","0","5","0","8.4"
"best websites for adult manga hentai 2026","0","3","0","8.333333333333332"
"best websites for adult manga hentai comics","0","3","0","12.333333333333334"
"best websites for english dubbed hentai 2026","0","2","0","12"
"best websites for hentai anime 2026","0","4","0","15"
"best websites for hentai doujinshi 2026","0","5","0","9.6"
"best websites for hentai images 2026","0","3","0","8.666666666666668"
"best websites for hentai manga 2026","0","5","0","10.8"
"best websites for hentai manga doujinshi 2026","0","3","0","16"
"best websites for reading hentai manga 2025 2026","0","1","0","12"
"best websites for reading hentai manga 2026","0","10","0","10.4"
"best websites for reading hentai manga doujinshi 2026","0","2","0","11.5"
"best websites for uncensored hentai 2026","0","32","0","9.03125"
"best websites for uncensored hentai anime 2026","0","17","0","8.529411764705882"
"best websites for uncensored hentai manga 2026","0","3","0","15"
"best websites for watching hentai 2026","0","1","0","7"
"best websites for watching hentai anime 2026","0","2","0","7.5"
"best websites to download hentai 2026","0","1","0","15"
"best websites to read hentai 2026","0","2","0","11.5"
"best websites to read hentai doujinshi 2026","0","1","0","16"
"best websites to read hentai doujinshi manga 2026","0","2","0","17.5"
"best websites to read hentai manga 2025","0","2","0","12.5"
"best websites to read hentai manga 2026","0","15","0","14.133333333333333"
"best websites to read hentai manga doujinshi 2026","0","4","0","12.25"
"best websites to read hentai manga online 2026","0","8","0","13.75"
"best websites to read hentai manga online free","0","6","0","20.833333333333332"
"best websites to read hentai online 2026","0","3","0","10.333333333333334"
"best websites to watch 18+ anime hentai 2026","0","2","0","14"
"best websites to watch 18+ hentai anime 2026","0","1","0","8"
"best websites to watch adult anime hentai 2026","0","9","0","12.222222222222221"
"best websites to watch hentai 2026","0","56","0","15.910714285714286"
"best websites to watch hentai adult anime 2026","0","2","0","17"
"best websites to watch hentai anime 2026","0","8","0","17"
"best websites to watch hentai anime online 2026","0","1","0","20"
"best websites to watch hentai online 2026","0","7","0","17.142857142857142"
"best websites to watch hentai ri fan 2026","0","4","0","11.25"
"best websites to watch hentai 里番 2026","0","4","0","8.75"
"best websites to watch japanese hentai anime 2026","0","2","0","16"
"best websites to watch latest hentai 2026","0","3","0","8.666666666666668"
"best websites to watch uncensored hentai 2026","0","17","0","8.117647058823529"
"best websites to watch uncensored hentai anime 2026","0","6","0","11.166666666666666"
"best working hentai anime streaming sites 2026","0","6","0","12.333333333333334"
"best working hentai sites 2026","0","3","0","10.666666666666666"
"best working hentai streaming sites 2026","0","43","0","7.651162790697675"
"best working hentai streaming sites 2026 hanime.tv alternatives","0","6","0","18.166666666666668"
"best working hentai websites 2026","0","1","0","16"
"best x twitter accounts for anime hentai videos","0","1","0","9"
"best yaoi hentai anime streaming sites 2026","0","8","0","11.25"
"best yaoi hentai anime websites 2026","0","2","0","13.5"
"best yaoi hentai manga sites 2026","0","1","0","15"
"best yaoi hentai streaming sites 2026","0","4","0","4.25"
"best yuri hentai manga sites 2026","0","1","0","10"
"beste hentai seiten 2025 or 2026","0","6","0","7.5"
"beste hentai seiten 2026","0","18","0","7.555555555555555"
"beste hentai websites 2026","0","1","0","17"
"better sites than nhentai","0","2","0","5.5"
"bigassex","0","9","0","9.333333333333334"
"biggest booru","0","2","0","5"
"bigimageboard","0","1","0","5"
"blog tsumino","0","31","0","66.61290322580645"
"blog tsumino alternative","0","15","0","9.266666666666667"
"bobbpedia","0","1","0","10"
"bokepinsl","0","1","0","5"
"boobpedia","0","1","0","10"
"boobpedia reliability","0","2","0","1"
"boobpedia website","0","2","0","32.5"
"booru 18+","0","2","0","7"
"booru directory","0","1","0","16"
"booru hentai","0","3","0","7.666666666666667"
"booru sites list","0","2","0","6"
"booru websites","0","1","0","2"
"boorus","0","6","0","9.666666666666666"
"boorus nsfw","0","1","0","4"
"boovpedia","0","4","0","9"
"brasilhentai","0","3","0","5.666666666666667"
"brazzers","0","1","0","82"
"bukk","0","1","0","9"
"cam4 vault","0","42","0","7.833333333333333"
"camcontacts studio","0","1","0","4"
"community hentai","0","2","0","6"
"coolmic","0","1","0","45"
"corbin fisher review","0","5","0","29.2"
"crazyshit review","0","2","0","7.5"
"current best hentai streaming sites 2026","0","3","0","8"
"current nhentai domain 2026","0","4","0","7.75"
"current working hentai streaming sites 2026","0","19","0","3.8421052631578947"
"cuteporntube","0","1","0","18"
"daftsex.or","0","3","0","10"
"danbooru ratings","0","2","0","8"
"ddf network review","0","1","0","78"
"denpasoft","0","1","0","7"
"dimmelo tu","0","1","0","2"
"dlraw","0","4","0","28.25"
"dmfanza","0","1","0","6"
"dmm fanza","0","6","0","8"
"dmm games r18 adult games","0","5","0","7.4"
"dmnfanza","0","3","0","7.333333333333333"
"does mangafire have hentai","0","1","0","6"
"doijin sites","0","1","0","5"
"dojin sites","0","9","0","5.222222222222222"
"doujin best site","0","1","0","8"
"doujin manga nsfw","0","1","0","88"
"doujin manga sites","0","1","0","3"
"doujin sotes","0","7","0","7"
"doujin streaming","0","2","0","3.5"
"doujin toonily","0","9","0","10.555555555555555"
"doujin tube","0","1","0","4"
"doujin website","0","165","0","6.503030303030303"
"doujinshi hentai sites","0","1","0","19"
"doujinshi site","0","1","0","9"
"doujinshi sites","0","1","0","6"
"doujinsites","0","7","0","4.714285714285714"
"dounin sites","0","2","0","8"
"e hebtai forum","0","1","0","8"
"e hentai alternatives","0","1","0","2"
"e hentai foro","0","1","0","8"
"e hentai forum","0","4","0","15.25"
"e hentai safe","0","1","0","9"
"e-hentai alternatives 2025 or 2026","0","2","0","5.5"
"e-hentai alternatives 2026","0","15","0","12.2"
"e-hentai current status 2026","0","2","0","9.5"
"e-hentai mirror sites 2026","0","5","0","9.2"
"e-hentai vs nhentai vs hitomi.la size comparison","0","2","0","5"
"e-hentai.org current status 2026","0","5","0","8"
"e-hentaireview","0","1","0","4"
"ehentai","0","254","0","8.60236220472441"
"ehentai forum","0","35","0","9.142857142857142"
"ehentai forum login","0","1","0","18"
"ehentai foruns","0","1","0","10"
"ehentai fourm","0","1","0","8"
"ehentai froum","0","1","0","8"
"ehentai.","0","3","0","7.666666666666667"
"ehentaio","0","1","0","11"
"en iyi hentai siteleri 2026","0","2","0","10"
"en iyi türkçe altyazılı hentai siteleri 2026","0","1","0","20"
"english dubbed hentai streaming sites 2026","0","1","0","2"
"entai20","0","3","0","2.333333333333333"
"eporner search quality review","0","1","0","1"
"eporner site review 2026","0","2","0","2.5"
"erogames.to review","0","1","0","11"
"eroge donwload","0","2","0","10"
"eroge download free","0","1","0","34"
"eroge downloads","0","6","0","28.333333333333332"
"eroge japan","0","1","0","80"
"erogedown","0","1","0","1"
"erogedownload","0","3","0","20.666666666666668"
"erogedownloads","0","1","0","20"
"erosvault.site hentai","0","1","0","5"
"eveknows","0","6","0","28.166666666666668"
"exhentai alternative","0","3","0","7.666666666666667"
"exhentai alternatives 2026","0","25","0","10.4"
"exhentai mirror sites 2026","0","5","0","15"
"f95zne","0","5","0","8.6"
"f95zo","0","97","0","8.061855670103093"
"f95zo e","0","11","0","3.3636363636363638"
"f95zo,e","0","1","0","4"
"f95zo.e","0","4","0","5"
"f95zoe","0","5","0","8.6"
"f95zoen","0","1","0","26"
"f95zome","0","1","0","31"
"fakku alt","0","1","0","11"
"fannza","0","2","0","5.5"
"fantia booth","0","3","0","8.666666666666668"
"fanza adult","0","1","0","10"
"fanza digital","0","1","0","5"
"fanza dmm","0","3","0","8.666666666666668"
"fanza dmm adult","0","3","0","2.666666666666667"
"fanza dmm adult site","0","1","0","6"
"fanza dmm adult site japan","0","2","0","8.5"
"fanza dmm adult video platform","0","1","0","2"
"fanza dou","0","8","0","8.5"
"fanza doujin","0","7","0","6.571428571428571"
"fanza doujin hentai","0","1","0","6"
"fanza en","0","1","0","3"
"fanza largest adult video platform japan","0","2","0","3"
"fanza site","0","3","0","10"
"fanza studio","0","2","0","7.5"
"fanza ã¥â âœã¤âºâº","0","10","0","9.1"
"fanzaa","0","1","0","5"
"fanzadmm","0","23","0","7.304347826086956"
"fanzagames","0","1","0","8"
"fanzaz","0","2","0","7.5"
"fanzza","0","1","0","10"
"fapbabe","0","2","0","2"
"fnaza","0","4","0","6.25"
"forbiddenfap","0","2","0","9.5"
"forbiddenfap.com","0","1","0","44"
"forum e hentai","0","3","0","11.333333333333334"
"forum ehentai","0","4","0","9"
"forum nautiljon","0","1","0","38"
"forum.e-hentai","0","3","0","8.666666666666668"
"free adult manga","0","4","0","28"
"free adult manga sites","0","1","0","38"
"free adult manga websites","0","1","0","10"
"free adult manga websites hentai comics","0","3","0","13"
"free adult mangas","0","2","0","38.5"
"free doujin sites","0","2","0","34"
"free doujin website","0","1","0","42"
"free doujinshi sites","0","2","0","6"
"free hentai anime streaming sites 2026","0","27","0","11.666666666666666"
"free hentai anime websites 2026","0","1","0","16"
"free hentai magazine","0","1","0","34"
"free hentai manga reading sites","0","1","0","20"
"free hentai manga sites","0","3","0","11.333333333333334"
"free hentai manga sites 2026","0","9","0","8.666666666666668"
"free hentai manga websites","0","6","0","15.166666666666666"
"free hentai manga websites 2026","0","2","0","9"
"free hentai reader","0","2","0","26.5"
"free hentai stream a-z","0","1","0","7"
"free hentai streaming sites","0","1","0","48"
"free hentai streaming sites 2026","0","76","0","8.697368421052632"
"free hentai streaming websites 2026","0","5","0","8.6"
"free manga adult","0","1","0","45"
"free uncensored hentai anime streaming sites 2026","0","9","0","9"
"free uncensored hentai sites 2026","0","3","0","8.333333333333332"
"free uncensored hentai streaming sites 2026","0","13","0","9"
"free uncensored hentai websites 2026","0","4","0","9.25"
"freeadultcomix forum","0","1","0","7"
"fuckerville","0","4","0","9.25"
"funza dmm","0","1","0","10"
"furaffinity vs e621","0","3","0","4"
"furnitureinsas","0","1","0","8"
"fux hentai","0","1","0","15"
"fwanza","0","4","0","6.5"
"fznza","0","1","0","8"
"gelbooru ratings","0","2","0","10"
"generate an answer","0","1","0","6"
"gentai20","0","2","0","3.5"
"girlsway review","0","1","0","58"
"gofile hentai","0","1","0","5"
"good doujin sites","0","1","0","11"
"h e n t a i m a m a","0","1","0","6"
"h moe hentai","0","1","0","9"
"hanime alternatives","0","1","0","10"
"hanime alternatives hentai streaming sites","0","1","0","12"
"hanime new release","0","1","0","11"
"hanime vaulte","0","3","0","6"
"hanime.res","0","3","0","8.333333333333332"
"hanime.tv alternative 2026","0","1","0","10"
"hanime.tv alternative sites 2026","0","1","0","15"
"hanime.tv alternatives 2026","0","12","0","11.583333333333334"
"hanime.tv alternatives 2026 free uncensored hentai","0","1","0","10"
"hanime.tv alternatives 2026 hentai streaming","0","2","0","9"
"hanime.tv alternatives 2026 hentai streaming sites","0","2","0","18.5"
"hanime.tv alternatives 2026 uncensored","0","2","0","9"
"hanime.tv alternatives 2026 uncensored hentai","0","6","0","6"
"hanime.tv alternatives free uncensored hentai 2026","0","2","0","7"
"hanime.tv alternatives uncensored hentai 2026","0","4","0","8.75"
"hanime.tv alternatives uncensored hentai streaming 2026","0","3","0","9.333333333333334"
"hanime.tv current domain 2026","0","1","0","11"
"hanime.tv hentaihaven alternatives 2026","0","2","0","6.5"
"hanime.tv mirror or alternative 2026","0","1","0","8"
"hanime.tv official site 2026","0","4","0","7.25"
"hanime.tv review 2025 or 2026","0","3","0","8.666666666666668"
"hanime.tv review 2026","0","6","0","5.666666666666667"
"hanime.tv safe to use 2026","0","1","0","10"
"hanime.tv safety review 2026","0","2","0","12.5"
"hanime.tv status 2026 alternatives","0","1","0","10"
"hanime.tv vs hentai haven 2026","0","2","0","4"
"hanime.tv vs hentaihaven 2026","0","1","0","6"
"hanime.tv vs hentaihaven vs nhentai 2026","0","3","0","7.333333333333333"
"hanime1 alternative sites 2026","0","1","0","18"
"hanime1.me alternatives 2026","0","1","0","20"
"hantia20","0","1","0","7"
"hdpornoo","0","35","0","14.142857142857142"
"heavy r hentai","0","1","0","7"
"hebtai.tv","0","1","0","10"
"hebtaifreak","0","1","0","6"
"hebtaivox","0","4","0","5.75"
"hebtau","0","1","0","94"
"hegre art review","0","3","0","34.333333333333336"
"hehtai20","0","2","0","2"
"helix studios reviews","0","4","0","25.75"
"hemtai20","0","1","0","35"
"hen tai20","0","2","0","3.5"
"henat20","0","1","0","3"
"henata20","0","1","0","3"
"henatai20","0","2","0","5"
"henato20","0","2","0","3.5"
"henattv","0","2","0","8"
"henrai vault","0","2","0","7"
"hent po","0","1","0","5"
"hent20","0","2","0","35.5"
"henta tv","0","1","0","7"
"henta valut","0","10","0","1.5"
"henta20","0","2","0","10"
"hentaflash","0","1","0","7"
"hentai 2026 streaming","0","2","0","5"
"hentai aggregator","0","1","0","10"
"hentai alternative","0","1","0","23"
"hentai anime news","0","4","0","6.5"
"hentai anime sharing","0","1","0","5"
"hentai anime streaming sites 2026","0","20","0","6.3"
"hentai booru sites","0","4","0","7"
"hentai cault","0","3","0","3"
"hentai comic .io","0","1","0","18"
"hentai communities","0","4","0","7"
"hentai directory","0","8","0","6.5"
"hentai eroge","0","1","0","4"
"hentai february 2026","0","1","0","5"
"hentai freeadultcomix","0","17","0","7.235294117647059"
"hentai game site","0","1","0","50"
"hentai games","0","1","0","40"
"hentai games itch","0","1","0","11"
"hentai games lewdzone","0","1","0","5"
"hentai haven alternatives 2026","0","7","0","9.857142857142858"
"hentai haven alternatives 2026 uncensored","0","1","0","5"
"hentai hqporner","0","1","0","9"
"hentai image boards","0","2","0","8"
"hentai key review","0","3","0","4"
"hentai lewdzone","0","2","0","20"
"hentai light novels","0","1","0","10"
"hentai manga raw","0","5","0","6.4"
"hentai manga sites","0","1","0","48"
"hentai manga subscription platform 2026","0","2","0","4"
"hentai manga subscription platform digital store 2026","0","1","0","11"
"hentai manga subscription store digital downloads 2026","0","5","0","7.6"
"hentai manga toonily","0","3","0","17.666666666666668"
"hentai manga toonly","0","2","0","9"
"hentai manhua toonily","0","1","0","6"
"hentai manhwa toonily","0","4","0","8"
"hentai myreadingmanga","0","1","0","3"
"hentai new hanime","0","1","0","7"
"hentai r","0","1","0","1"
"hentai r34vault","0","2","0","8.5"
"hentai read alternative","0","1","0","5"
"hentai read alternatives","0","1","0","7"
"hentai read io","0","1","0","7"
"hentai replacement","0","3","0","7.333333333333333"
"hentai rule vault","0","6","0","7.666666666666667"
"hentai rule34 vault","0","3","0","8.333333333333332"
"hentai simpcity","0","4","0","7"
"hentai site 2026","0","1","0","7"
"hentai sites like nhentai","0","2","0","4.5"
"hentai stream 2026","0","10","0","12.7"
"hentai streaming 2026","0","14","0","8.214285714285715"
"hentai streaming sites","0","5","0","27.6"
"hentai streaming sites list 2026","0","6","0","4.333333333333334"
"hentai streaming sites no ads","0","14","0","7.714285714285714"
"hentai tonily","0","2","0","8"
"hentai tonnily","0","1","0","6"
"hentai tooinly","0","1","0","7"
"hentai toonliy","0","1","0","9"
"hentai toonly","0","17","0","6.9411764705882355"
"hentai toonyl","0","2","0","7"
"hentai top 10 2026","0","1","0","8"
"hentai top 2024","0","1","0","7"
"hentai tv","0","1","0","4"
"hentai vaukt","0","5","0","3.2"
"hentai vault 34","0","1","0","9"
"hentai vaults","0","14","0","2.071428571428571"
"hentai votu","0","1","0","3"
"hentai voult","0","24","0","3.5416666666666665"
"hentai websites 2026","0","5","0","9.6"
"hentai yande","0","3","0","9"
"hentai.tv","0","1","0","2"
"hentai20 alternative","0","8","0","8.5"
"hentai20 alternatives","0","3","0","9.666666666666666"
"hentai20 download","0","2","0","7"
"hentai20 ii","0","1","0","12"
"hentai20 reddit","0","2","0","10"
"hentai20$","0","1","0","4"
"hentai20-","0","2","0","6"
"hentai20.","0","18","0","4.111111111111111"
"hentai20.ii","0","10","0","5.3"
"hentai20.tv","0","1","0","7"
"hentai20\","0","1","0","4"
"hentai20ii","0","5","0","9.2"
"hentai20lo","0","2","0","10"
"hentai20s","0","1","0","25"
"hentai20top","0","1","0","6"
"hentai20tv","0","5","0","12.2"
"hentai20z","0","2","0","2.5"
"hentai2o","0","2","0","27.5"
"hentai2r","0","1","0","18"
"hentaiblog","0","1","0","52"
"hentaibrasil","0","8","0","5.5"
"hentaicosplays","0","1","0","11"
"hentaidad alternative","0","1","0","6"
"hentaidad20","0","1","0","11"
"hentaidesi.com","0","2","0","4"
"hentaidirectory","0","3","0","33.666666666666664"
"hentaidude pro","0","55","0","4.981818181818182"
"hentaidude.pro","0","11","0","9.545454545454545"
"hentaidudepro","0","40","0","5.6"
"hentaidvd","0","1","0","75"
"hentaifox alternative","0","2","0","9.5"
"hentaifox safe","0","1","0","10"
"hentaifrak","0","1","0","5"
"hentaifreak.com","0","1","0","10"
"hentaifreaks","0","2","0","12.5"
"hentaigasm","0","1","0","22"
"hentaigasm alternatives 2026","0","2","0","4"
"hentaigasm download","0","1","0","9"
"hentaigasm downloader","0","1","0","10"
"hentaigasm free","0","1","0","8"
"hentaigasm.com","0","1","0","90"
"hentaigasm.net","0","1","0","4"
"hentaihave","0","52","0","10.153846153846153"
"hentaihave'","0","3","0","5.666666666666667"
"hentaihave.","0","22","0","9.181818181818182"
"hentaihaven alternative 2026","0","2","0","9.5"
"hentaihaven alternatives","0","1","0","14"
"hentaihaven alternatives 2026","0","8","0","9.5"
"hentaihaven alternatives 2026 free streaming","0","3","0","8.333333333333332"
"hentaihaven alternatives 2026 uncensored","0","7","0","8.142857142857142"
"hentaihaven alternatives free","0","2","0","10"
"hentaihaven alternatives uncensored","0","2","0","3.5"
"hentaihaven alternatives uncensored 2026","0","1","0","9"
"hentaihaven current domain 2026","0","15","0","8.933333333333334"
"hentaihaven replacement","0","2","0","8"
"hentaiheaven alternative","0","1","0","48"
"hentaii tv","0","2","0","54.5"
"hentaii20","0","17","0","7.588235294117647"
"hentail20","0","1","0","9"
"hentaimama 2026","0","26","0","6.3076923076923075"
"hentaimama'","0","1","0","7"
"hentaimama.","0","32","0","6.75"
"hentaimama.io review 2026","0","4","0","4.75"
"hentaimama]","0","1","0","4"
"hentaipros review 2026","0","4","0","1"
"hentaiputa","0","155","0","7.7290322580645165"
"hentaiputa.com","0","3","0","5"
"hentairaw","0","3","0","9.333333333333334"
"hentairead","0","1","0","10"
"hentairead alternatives","0","16","0","6.5"
"hentairead.io","0","2","0","6"
"hentais.blig","0","1","0","6"
"hentais.blog","0","1","0","17"
"hentais.bloh","0","2","0","5"
"hentais.bog","0","1","0","11"
"hentaisblog","0","71","0","8.126760563380282"
"hentaistreaming","0","27","0","14.703703703703704"
"hentaitokyo.net","0","2","0","9.5"
"hentaitv","0","17","0","8.176470588235293"
"hentaiv","0","8","0","75.5"
"hentaiv20","0","6","0","4"
"hentaivhtape","0","1","0","88"
"hentaivm","0","9","0","55"
"hentaivncasa","0","1","0","5"
"hentaivp","0","1","0","3"
"hentaivr vault","0","3","0","9"
"hentaivtv","0","1","0","7"
"hentaiw20","0","1","0","3"
"hentaiwa","0","1","0","7"
"hentaiwatvh","0","1","0","5"
"hentan20","0","2","0","2"
"hentat20","0","2","0","2"
"hentau20","0","2","0","34.5"
"hentavn","0","6","0","69"
"hentavost","0","1","0","3"
"hentawatc","0","1","0","5"
"hentei.tv","0","2","0","7.5"
"henti vault","0","3","0","2"
"hentia vault","0","3","0","3.3333333333333335"
"hentia20","0","2","0","20"
"hentis20","0","1","0","3"
"henytai20","0","1","0","2"
"hetai20","0","5","0","2.6"
"heydouga 2026","0","1","0","18"
"hfanza","0","1","0","8"
"hidive anime hentai","0","1","0","7"
"hidive hentai","0","1","0","12"
"hientai20","0","2","0","2"
"high quality hentai","0","1","0","10"
"hijabmylfs review","0","8","0","23.5"
"hinta20","0","1","0","4"
"hintai vault","0","4","0","4.75"
"hitomi la","0","3","0","11.333333333333334"
"hitomi la english","0","2","0","9"
"hitomi la reader","0","1","0","18"
"hitomi.la","0","5","0","18.6"
"hitomi.la alternatives 2025 or 2026","0","4","0","14.25"
"hitomi.la alternatives 2026","0","10","0","17.1"
"hitomi.la english","0","1","0","6"
"hitomi.la englisj","0","1","0","8"
"hitomi.la mirror 2026","0","1","0","6"
"hitomi.la mirrors 2026","0","1","0","14"
"hitomi.la nhentai alternatives 2026","0","5","0","9"
"hitomi.la nhentai e-hentai status 2026","0","2","0","7"
"hitomi.la official site","0","1","0","9"
"hitomi.la review","0","1","0","7"
"hitomi.la review 2026","0","4","0","2.25"
"hitomi.la similar sites 2026","0","2","0","16"
"hitomi.la vs nhentai 2026","0","1","0","6"
"hitomi.la vs nhentai vs e-hentai 2026","0","2","0","5"
"hitomila english","0","2","0","10"
"hitomimla english","0","1","0","11"
"horney gamer","0","1","0","4"
"horny gamer","0","1","0","5"
"hq erotic","0","1","0","18"
"hqporner vs","0","2","0","9.5"
"hqporno.ney","0","1","0","10"
"https://theporndude.com/pt","0","7","0","5.428571428571429"
"hulu hentai","0","1","0","19"
"hétai20","0","1","0","6"
"iafd","0","36","0","34.916666666666664"
"iafdb","0","1","0","38"
"ihentai.t9","0","1","0","1"
"iqdb","0","1","0","72"
"irodoricomics","0","1","0","59"
"is atfbooru legal","0","1","0","23"
"is fanza a safe site","0","2","0","10.5"
"is fanza legit","0","7","0","6.714285714285714"
"is fanza safe","0","11","0","9.727272727272727"
"is femdom pov safe","0","2","0","9"
"is hentai foundry safe","0","1","0","22"
"is hentaigasm safe 2026","0","4","0","11"
"is hentaimama safe","0","1","0","19"
"is hitomi.la safe","0","2","0","23"
"is nhentai safe to use 2026","0","1","0","12"
"is nhentai still active 2026","0","6","0","7"
"is nhentai still working 2026","0","13","0","4.3076923076923075"
"is rule34.xxx safe to visit 2026","0","1","0","9"
"is zerochan safe","0","3","0","11.333333333333334"
"itazuraneko","0","18","0","8.5"
"itch hentai","0","1","0","5"
"itch io hentai","0","1","0","11"
"itchioadult","0","2","0","4"
"japanese adult visual novels","0","1","0","5"
"jast blue","0","2","0","40.5"
"javbtc","0","3","0","8.333333333333332"
"javout","0","6","0","11"
"javpark","0","1","0","14"
"jentai20","0","1","0","48"
"jogo hentai itch","0","1","0","10"
"johren","0","9","0","21"
"johren 18+","0","1","0","12"
"joymii review","0","5","0","14"
"juicechan","0","4","0","16"
"juiceelf","0","1","0","10"
"juicy_elf","0","3","0","9.333333333333334"
"juicyelf .com","0","1","0","5"
"juicyelf hentai","0","1","0","8"
"juicyelf.con","0","1","0","6"
"just videos","0","1","0","5"
"karşılaştırma yap","0","1","0","1"
"kickassanime proxy","0","1","0","20"
"koharu to","0","1","0","33"
"largest free hentai website 2026","0","1","0","15"
"largest hentai discord servers 2026","0","1","0","9"
"largest hentai manga sites 2026","0","1","0","16"
"largest hentai website 2026","0","3","0","8.333333333333332"
"largest hentai websites 2026","0","3","0","15.666666666666666"
"legal free hentai streaming sites 2026","0","1","0","8"
"legal hentai anime streaming sites 2026","0","3","0","4.666666666666666"
"legal hentai streaming platforms 2026","0","7","0","16.714285714285715"
"legal hentai streaming sites","0","1","0","10"
"legal hentai streaming sites 2026","0","3","0","16.333333333333336"
"lesbosland.com","0","1","0","58"
"lewdzone","0","1","0","27"
"like hentai","0","1","0","4"
"like nhentai","0","2","0","10"
"linemarvel","0","1","0","13"
"literotica manga","0","1","0","10"
"mandarake hentai","0","2","0","10"
"manga hentairea","0","3","0","7.333333333333333"
"manga hentaireas","0","1","0","5"
"manga websites 18","0","1","0","39"
"manga18.clib","0","1","0","10"
"manga18.club","0","2","0","27.5"
"mangadna nhentai","0","2","0","5"
"mangadoujin","0","1","0","5"
"mangafire hentai","0","5","0","8.2"
"mangakakalot hentai","0","1","0","8"
"mangapanda blog","0","3","0","47.333333333333336"
"mangaplus hentai","0","2","0","12"
"mangashentais.com","0","2","0","6"
"manhua porn","0","1","0","7"
"manhwa hentai toonily","0","4","0","8.75"
"manhwa toonily hentai","0","4","0","8.75"
"meilleur site doujin","0","1","0","9"
"meilleur site hentai 2026","0","10","0","7.6"
"meilleurs sites hentai 2026","0","6","0","8.166666666666668"
"meilleurs sites hentai français 2026","0","2","0","9"
"meilleurs sites hentai gratuit 2026","0","4","0","6.25"
"meilleurs sites hentai gratuits 2026","0","3","0","7"
"meilleurs sites hentai streaming 2026","0","2","0","3.5"
"meilleurs sites hentai streaming gratuit 2026","0","7","0","4.142857142857142"
"meilleurs sites hentai uncensored 2026","0","1","0","7"
"meilleurs sites hentai vf 2026","0","1","0","7"
"meilleurs sites hentai vostfr 2026","0","1","0","5"
"meilleurs sites pour regarder anime hentai 2026","0","1","0","4"
"meilleurs sites pour regarder hentai 2026","0","5","0","3.2"
"meilleurs sites pour regarder hentai gratuit 2026","0","4","0","3"
"meilleurs sites streaming hentai 2026","0","4","0","6"
"mejores páginas de hentai 2026","0","11","0","8.90909090909091"
"mejores páginas para leer manga hentai 2026","0","1","0","7"
"mejores páginas para leer manga hentai en español 2026","0","1","0","20"
"mejores sitios para leer hentai manga 2026","0","1","0","17"
"mejores sitios para leer hentai manga español 2026","0","1","0","20"
"melhor site de hentai 2026","0","11","0","10.363636363636363"
"melhor site para assistir hentai 2026","0","2","0","15"
"melhor site para ler hentai 2026","0","1","0","15"
"melhor site para ver hentai 2026","0","9","0","8.444444444444445"
"melhores sites de hentai 2025 or 2026","0","1","0","14"
"melhores sites de hentai 2026","0","97","0","11.11340206185567"
"melhores sites de hentai anime 2026","0","1","0","10"
"melhores sites de hentai grátis 2026","0","1","0","9"
"melhores sites de hentai sem censura 2026","0","2","0","14"
"melhores sites hentai 2026","0","25","0","9.2"
"melhores sites hentai sem censura 2026","0","8","0","10.5"
"melhores sites hentai uncensored 2026","0","1","0","7"
"melhores sites para assistir hentai 2026","0","16","0","9.3125"
"melhores sites para assistir hentai online 2026","0","1","0","9"
"melhores sites para ler hentai 2026","0","3","0","9"
"melhores sites para ver hentai 2026","0","16","0","9.375"
"metart studios","0","1","0","6"
"most popular hentai manga sites 2026","0","4","0","9.25"
"most popular hentai sites 2025 or 2026","0","1","0","11"
"most popular hentai sites 2026","0","11","0","9.909090909090908"
"most popular hentai streaming sites 2026","0","11","0","7.818181818181818"
"most popular hentai tags nhentai 2025 or 2026","0","3","0","2.666666666666667"
"most popular hentai tags nhentai 2026","0","2","0","6.5"
"most popular hentai website 2026","0","1","0","7"
"most popular hentai websites 2026","0","23","0","13.347826086956522"
"most popular nhentai tags 2025 2026","0","3","0","6"
"muchohentai raw","0","2","0","10"
"myhentaiorg","0","4","0","3.5"
"mypornhere","0","1","0","5"
"n hentai alternatives","0","16","0","5.9375"
"n hentai.org alternativ","0","8","0","6.5"
"nekonyan","0","3","0","43"
"nfswgify","0","2","0","6.5"
"nhentai","0","2","0","9.5"
"nhentai ads 2026","0","9","0","6.444444444444445"
"nhentai alternates","0","2","0","6.5"
"nhentai alternativ","0","27","0","7.407407407407407"
"nhentai alternative reddit","0","1","0","9"
"nhentai alternative sites 2026","0","2","0","4"
"nhentai alternativen","0","12","0","7.25"
"nhentai alternatives 2025","0","8","0","5.75"
"nhentai alternatives 2025 2026","0","2","0","7"
"nhentai alternatives 2025 or 2026","0","15","0","5.8"
"nhentai alternatives 2026","0","901","0","4.8501664816870145"
"nhentai alternatives 2026 hitomi e-hentai","0","3","0","2"
"nhentai alternatives 2026 hitomi.la e-hentai","0","7","0","3.142857142857143"
"nhentai alternatives 2026 uncensored","0","16","0","2.0625"
"nhentai alternatives accessible in china","0","8","0","4.375"
"nhentai alternatives best hentai sites","0","2","0","8"
"nhentai alternatives chinese","0","15","0","5.733333333333333"
"nhentai alternatives chinese hentai sites","0","2","0","7"
"nhentai alternatives chinese sites","0","14","0","4.714285714285714"
"nhentai alternatives for hentai videos anime","0","2","0","4"
"nhentai alternatives free","0","158","0","5.006329113924051"
"nhentai alternatives free 2026","0","9","0","5.222222222222222"
"nhentai alternatives free doujinshi","0","4","0","5.25"
"nhentai alternatives free hentai","0","22","0","6.5"
"nhentai alternatives free hentai manga","0","13","0","6.076923076923077"
"nhentai alternatives free hentai manga sites","0","1","0","9"
"nhentai alternatives free hentai sites","0","5","0","7.4"
"nhentai alternatives free uncensored","0","17","0","4"
"nhentai alternatives no ads","0","14","0","8.428571428571429"
"nhentai alternatives reddit","0","7","0","8.428571428571429"
"nhentai alternatives safe","0","33","0","4.03030303030303"
"nhentai alternatives safe 2026","0","6","0","2.166666666666667"
"nhentai alternatives safe free","0","2","0","4.5"
"nhentai alternatives safe hentai sites","0","12","0","5.666666666666667"
"nhentai alternatives safe sites","0","10","0","4.9"
"nhentai alternatives uncensored","0","75","0","3.4133333333333336"
"nhentai alternatives uncensored 2026","0","2","0","7"
"nhentai alternatives uncensored hentai","0","12","0","4.416666666666666"
"nhentai alternatives with less ads","0","4","0","4.5"
"nhentai alternatives without ads","0","3","0","10.666666666666666"
"nhentai alts","0","4","0","4.5"
"nhentai best doujin","0","1","0","5"
"nhentai blocked","0","1","0","1"
"nhentai current domain 2026","0","2","0","3"
"nhentai current status 2026","0","18","0","2.888888888888889"
"nhentai down 2026","0","1","0","5"
"nhentai down or blocked 2026","0","6","0","2.166666666666667"
"nhentai e-hentai alternatives","0","29","0","5.310344827586207"
"nhentai e-hentai alternatives 2026","0","10","0","3.7"
"nhentai e-hentai exhentai alternatives 2026","0","2","0","6"
"nhentai e-hentai hitomi alternatives","0","14","0","2.7142857142857144"
"nhentai e-hentai hitomi.la alternatives","0","30","0","4.033333333333333"
"nhentai e-hentai hitomi.la alternatives 2026","0","18","0","2.7222222222222223"
"nhentai e-hentai hitomi.la alternatives free","0","6","0","2.833333333333333"
"nhentai e-hentai hitomi.la 替代","0","1","0","7"
"nhentai e-hentai hitomi.la 替代网站","0","1","0","6"
"nhentai e-hentai hitomi.la 类似网站","0","1","0","10"
"nhentai extension alternative","0","1","0","10"
"nhentai gallery count 2026","0","2","0","6"
"nhentai hitomi.la alternatives 2026","0","10","0","3.5"
"nhentai hitomi.la e-hentai alternatives","0","25","0","3.04"
"nhentai hitomi.la e-hentai alternatives 2026","0","12","0","2.833333333333333"
"nhentai hitomi.la exhentai alternatives 2026","0","3","0","3.6666666666666665"
"nhentai hitomi.la hanime.tv alternatives 2026","0","2","0","9.5"
"nhentai hitomi.la hentai2read alternatives 2026","0","6","0","6"
"nhentai hitomi.la status 2026","0","1","0","8"
"nhentai like","0","1","0","8"
"nhentai like site","0","15","0","7.4"
"nhentai like sites","0","27","0","7.592592592592593"
"nhentai like website","0","2","0","7"
"nhentai like websites","0","4","0","8.25"
"nhentai mirror sites","0","2","0","7"
"nhentai mirror sites 2026","0","57","0","5.543859649122807"
"nhentai mirror sites 2026 working","0","3","0","5"
"nhentai mirrors 2026","0","26","0","4.769230769230769"
"nhentai mirrors 2026 working","0","4","0","2"
"nhentai mirrors or alternatives 2026","0","12","0","7.5"
"nhentai most popular tags 2025 or 2026","0","2","0","1"
"nhentai nhentai.to alternatives","0","18","0","6.944444444444445"
"nhentai nhentai.to alternatives 2026","0","2","0","9"
"nhentai number of galleries 2026","0","1","0","5"
"nhentai official site 2026","0","4","0","4"
"nhentai popular tags 2025 or 2026","0","1","0","4"
"nhentai popular tags 2026","0","4","0","13"
"nhentai popular tags list 2026","0","1","0","5"
"nhentai ranking","0","1","0","8"
"nhentai replacement","0","48","0","4.041666666666666"
"nhentai similar site","0","6","0","7.333333333333333"
"nhentai sites like","0","3","0","7"
"nhentai status 2026","0","2","0","4"
"nhentai stream","0","2","0","8"
"nhentai streaming","0","1","0","8"
"nhentai top","0","2","0","7.5"
"nhentai top tags 2025 or 2026","0","1","0","3"
"nhentai total galleries 2026","0","4","0","4"
"nhentai total number of galleries 2026","0","2","0","2.5"
"nhentai unblock","0","2","0","8"
"nhentai vs","0","3","0","4.333333333333334"
"nhentai vs hitomi.la vs e-hentai 2026","0","1","0","3"
"nhentai working mirrors 2026","0","4","0","2"
"nhentai 镜像 2026","0","3","0","7"
"nhentai.net alternatives","0","34","0","7.176470588235294"
"nhentai.net alternatives 2026","0","19","0","5.157894736842105"
"nhentai.net alternatives free hentai","0","1","0","10"
"nhentai.net down or blocked 2026","0","1","0","14"
"nhentai.net status 2026","0","1","0","9"
"nhentai.net working 2026","0","1","0","3"
"nhentav","0","3","0","7"
"ninekon","0","4","0","6.5"
"nsfw booru","0","1","0","17"
"nsfw booru sites","0","1","0","34"
"nsfw boorus","0","1","0","5"
"nsfw manga sites","0","1","0","25"
"nsfw manga website","0","1","0","44"
"nsfwgifer","0","1","0","6"
"nsfwgify.com","0","1","0","10"
"ntai20","0","1","0","9"
"onlyhgame","0","1","0","10"
"onlyhgames","0","5","0","12.2"
"oporndude","0","2","0","8.5"
"other sites like nhentai","0","6","0","7.833333333333333"
"other websites like nhentai","0","1","0","6"
"overbooru","0","1","0","4"
"overflow hentai streaming sites 2026","0","14","0","7.214285714285714"
"overflow hentai uncensored streaming sites 2026","0","1","0","11"
"passionhd review","0","2","0","8"
"pirattranny","0","137","0","7.9489051094890515"
"pirattranny.net","0","1","0","18"
"pirattrany","0","3","0","8.333333333333332"
"places to read hentai","0","1","0","25"
"pocketstars","0","2","0","9"
"popular booru sites","0","1","0","8"
"popular booru sites 2026","0","3","0","3.6666666666666665"
"popular doujinshi hentai websites 2026","0","2","0","2"
"popular doujinshi sites 2026","0","5","0","8.6"
"popular doujinshi sites nhentai alternatives","0","2","0","7"
"popular doujinshi websites 2026","0","10","0","8.8"
"popular free hentai manga reading sites 2026","0","1","0","9"
"popular free hentai manga sites 2026","0","1","0","9"
"popular free hentai manga websites 2026","0","3","0","9.333333333333334"
"popular free hentai sites 2026","0","1","0","14"
"popular free hentai sites nhentai alternatives","0","1","0","4"
"popular free hentai streaming sites 2026","0","6","0","6"
"popular hentai accounts on twitter x 2025 or 2026","0","1","0","9"
"popular hentai accounts on x twitter 2025 2026","0","2","0","7"
"popular hentai accounts on x twitter 2025 or 2026","0","4","0","4"
"popular hentai anime streaming sites 2026","0","22","0","7.318181818181818"
"popular hentai anime websites 2026","0","13","0","8.846153846153847"
"popular hentai booru sites 2026","0","2","0","1"
"popular hentai comic websites 2026","0","1","0","5"
"popular hentai doujinshi sites 2026","0","1","0","9"
"popular hentai doujinshi websites","0","1","0","10"
"popular hentai doujinshi websites 2026","0","6","0","8.666666666666668"
"popular hentai image sites 2026","0","1","0","6"
"popular hentai manga doujinshi sites 2026","0","2","0","7"
"popular hentai manga doujinshi websites 2026","0","2","0","7.5"
"popular hentai manga reader sites 2026","0","1","0","10"
"popular hentai manga reading sites 2025 2026","0","1","0","9"
"popular hentai manga reading sites 2026","0","5","0","12"
"popular hentai manga reading websites 2026","0","7","0","8.571428571428571"
"popular hentai manga sites 2025","0","1","0","9"
"popular hentai manga sites 2025 2026","0","1","0","20"
"popular hentai manga sites 2026","0","14","0","9.714285714285714"
"popular hentai manga sites nhentai alternatives","0","1","0","7"
"popular hentai manga websites 2026","0","20","0","12.9"
"popular hentai sites 2026","0","3","0","17.333333333333332"
"popular hentai sites nhentai alternatives","0","17","0","3.7058823529411766"
"popular hentai streaming sites 2025","0","2","0","10"
"popular hentai streaming sites 2025 2026","0","22","0","7.7727272727272725"
"popular hentai streaming sites 2026","0","218","0","5.848623853211009"
"popular hentai streaming sites 2026 hanime hentaihaven","0","10","0","4"
"popular hentai streaming sites no ads","0","4","0","6.5"
"popular hentai streaming websites 2026","0","49","0","4.775510204081632"
"popular hentai video streaming sites 2026","0","1","0","7"
"popular hentai websites 2026","0","93","0","11.21505376344086"
"popular hentai websites nhentai alternatives","0","1","0","6"
"popular jav streaming websites 2026","0","3","0","13"
"popular nhentai alternatives","0","152","0","4.059210526315789"
"popular nhentai alternatives 2026","0","30","0","6.066666666666666"
"popular uncensored hentai sites 2026","0","7","0","9.571428571428571"
"popular uncensored hentai streaming sites 2026","0","14","0","5.357142857142857"
"porndudehentai","0","2","0","38"
"pornj","0","1","0","60"
"pornmd porn search engine review 2025 or 2026","0","1","0","6"
"pornmd review 2025 or 2026","0","3","0","1.6666666666666665"
"pornmd review 2026","0","3","0","1.3333333333333333"
"pornmd review 2026 or current status","0","1","0","1"
"pornmd search engine review 2025 or 2026","0","1","0","9"
"pornovideow","0","8","0","5.75"
"pornstar platinum review","0","2","0","27.5"
"porntrex","0","1","0","9"
"porntrex alternatives","0","1","0","52"
"porntrex review 2026","0","3","0","12.666666666666666"
"porntrex reviews","0","2","0","4"
"pururin comics","0","1","0","5"
"pururin doujinshi","0","4","0","6.75"
"pussybabes","0","1","0","6"
"qr hitomi la","0","1","0","10"
"r manga","0","1","0","32"
"raw senmanga","0","1","0","13"
"rawkuma","0","1","0","9"
"rawkuma adult","0","2","0","6"
"read adult manga free online","0","1","0","50"
"read hentai 2026","0","1","0","9"
"reblop","0","3","0","39.666666666666664"
"recommended hentai streaming sites 2026","0","4","0","4"
"reddit best hentai 2026","0","3","0","6.666666666666667"
"reddit hentai manga","0","1","0","13"
"reddit nhentai alternative","0","2","0","4"
"reddit nhentai alternatives","0","1","0","10"
"redtube","0","1","0","9"
"rentry hentai","0","1","0","10"
"retro eroge","0","1","0","7"
"rule 34 booru sites list","0","1","0","13"
"rule34 paheal","0","1","0","10"
"rule34vault","0","1","0","7"
"ryuu nsfw games","0","16","0","6.3125"
"safe hentai streaming sites 2026","0","3","0","4.333333333333334"
"safe hentai streaming sites no ads","0","2","0","6"
"safe hentai websites 2026","0","2","0","13.5"
"safe legal hentai streaming sites 2026","0","3","0","19"
"safe reliable hentai websites 2026","0","4","0","9.75"
"safe websites to watch hentai 2026","0","5","0","12.6"
"safeboruu","0","1","0","29"
"safest hentai manga sites 2026","0","1","0","10"
"safest hentai sites 2026 no malware","0","9","0","16.444444444444443"
"safest hentai streaming sites 2026","0","2","0","16.5"
"safest hentai websites 2026","0","5","0","14.6"
"sekomix 2","0","1","0","30"
"sekomix2","0","1","0","71"
"senmanga","0","4","0","18.25"
"sexart review","0","3","0","14.666666666666666"
"sexbules","0","1","0","7"
"sexkomix2.com/categories/?lang=en","0","1","0","20"
"sexkomix2.com/studios/?lang=en","0","1","0","14"
"sexkontaktex","0","1","0","2"
"sexpussynude","0","1","0","10"
"sexyteeny","0","1","0","9"
"similar sites to nhentai","0","6","0","5.833333333333333"
"similar to nhentai","0","24","0","5.458333333333333"
"simpcity hentai","0","5","0","7.8"
"simply gentai","0","1","0","11"
"simply hemtai","0","1","0","13"
"simply henati","0","1","0","16"
"simply hentau","0","1","0","10"
"simplyhenta","0","4","0","5.5"
"simplyhentak","0","1","0","5"
"simplyhentau","0","1","0","10"
"simplyhrntai","0","1","0","8"
"site doujin","0","3","0","17.333333333333332"
"site like n hentai","0","1","0","6"
"site similar to nhentai","0","7","0","7.142857142857143"
"sites dojin","0","3","0","8.333333333333332"
"sites like 8 muses","0","1","0","10"
"sites like n hentai","0","2","0","8.5"
"sites similar to nhentai","0","43","0","7.209302325581396"
"sites similar to nhentai.net","0","5","0","11.8"
"situs nonton hentai gratis terbaik 2026","0","1","0","10"
"situs nonton hentai terbaik 2026","0","2","0","9"
"sotemnovinhas","0","2","0","8"
"spankb","0","13","0","13.846153846153847"
"spankb hentai","0","1","0","6"
"spytug torrent","0","2","0","8.5"
"stasyqvr","0","1","0","5"
"stasyqvr torrent","0","1","0","17"
"stasyvr","0","2","0","8"
"steamy gamer","0","1","0","4"
"steamygamer","0","1","0","8"
"streaminghentai","0","1","0","10"
"subscribe adult","0","1","0","24"
"subscribestar.adult","0","3","0","50.333333333333336"
"subscribestaradult","0","6","0","11.166666666666666"
"subscribstaradult","0","1","0","11"
"subspleas","0","1","0","28"
"subsplease","0","2","0","26"
"substar adult","0","14","0","9.642857142857142"
"substaradult","0","4","0","8"
"sukebei","0","2","0","9"
"sult load","0","1","0","8"
"sxkomix2","0","1","0","8"
"sxyprn","0","1","0","7"
"teamskeet review","0","9","0","25.22222222222222"
"teen-tube-19","0","2","0","2.5"
"teenscoreclub","0","4","0","9"
"teentube-19","0","7","0","6.428571428571429"
"teenx18","0","2","0","13"
"tell me","0","1","0","6"
"the big imageboard","0","10","0","5.5"
"thebigimageboard","0","1","0","8"
"thentai20","0","1","0","6"
"therealxh2","0","6","0","1.6666666666666665"
"thumbzi","0","2","0","18.5"
"tonnily hentai","0","2","0","5"
"toonely hentai","0","2","0","8"
"tooniky hentai","0","1","0","7"
"toonily doujin","0","5","0","7.4"
"toonily hebtai","0","3","0","8"
"toonily henrai","0","1","0","7"
"toonily hentai manga","0","4","0","10.25"
"toonily hentai manhwa","0","5","0","7.6"
"toonily hentai scan","0","1","0","33"
"toonily me","0","1","0","107"
"toonity hentai","0","5","0","7.4"
"toonlily hentai","0","1","0","7"
"toonliy hentai","0","3","0","13.666666666666666"
"top 10 2026 hentai","0","1","0","8"
"top 10 best hentai sites 2026","0","6","0","6.5"
"top 10 best hentai websites 2026","0","16","0","7.4375"
"top 10 hentai sites 2026","0","2","0","5.5"
"top 10 hentai websites 2026","0","6","0","10.5"
"top 10 uncensored hentai 2026","0","2","0","9"
"top 3 website","0","1","0","4"
"top booru sites","0","1","0","4"
"top boorus","0","2","0","6.5"
"top doujin sites","0","85","0","11.670588235294117"
"top doujinshi sites","0","1","0","5"
"top doujinshi sites 2026","0","2","0","3"
"top doujinshi websites 2026","0","5","0","8.2"
"top free hentai anime streaming sites 2026","0","6","0","7"
"top free hentai anime websites 2026","0","1","0","7"
"top free hentai doujinshi sites 2026","0","1","0","9"
"top free hentai manga reading sites","0","4","0","7.75"
"top free hentai manga reading sites 2026","0","2","0","7"
"top free hentai manga sites","0","2","0","8.5"
"top free hentai manga sites 2026","0","1","0","8"
"top free hentai manga sites nhentai alternatives","0","4","0","8.5"
"top free hentai manga websites 2026","0","1","0","9"
"top free hentai sites nhentai alternatives","0","7","0","7"
"top free hentai streaming sites 2025 2026","0","3","0","4"
"top free hentai streaming sites 2026","0","63","0","5.634920634920635"
"top free hentai streaming sites 2026 hanime alternatives","0","5","0","2.2"
"top free hentai streaming sites 2026 hanime hentaihaven","0","2","0","4"
"top free hentai streaming sites 2026 uncensored","0","3","0","3"
"top free hentai streaming sites no ads 2026","0","1","0","6"
"top free hentai streaming sites uncensored 2026","0","4","0","3.25"
"top free hentai streaming websites 2026","0","4","0","7.25"
"top free hentai websites 2026","0","1","0","18"
"top free nhentai alternatives 2026","0","15","0","5.333333333333333"
"top free uncensored hentai streaming sites 2026","0","8","0","5.25"
"top free uncensored jav streaming sites 2026","0","1","0","8"
"top hentai 2024","0","1","0","8"
"top hentai accounts on x twitter 2025 2026","0","4","0","8.75"
"top hentai accounts on x twitter 2025 or 2026","0","6","0","6.333333333333333"
"top hentai accounts on x twitter 2026","0","1","0","7"
"top hentai anime sites 2026","0","1","0","10"
"top hentai anime streaming sites 2026","0","19","0","8.157894736842106"
"top hentai anime websites 2026","0","4","0","16"
"top hentai booru sites 2026","0","6","0","2.166666666666667"
"top hentai comic websites 2026","0","6","0","8.333333333333332"
"top hentai doujinshi sites 2026","0","16","0","8.4375"
"top hentai doujinshi websites 2026","0","16","0","5.6875"
"top hentai image boards 2026","0","1","0","2"
"top hentai manga doujinshi sites","0","3","0","10"
"top hentai manga doujinshi sites 2026","0","3","0","4.333333333333334"
"top hentai manga doujinshi websites","0","3","0","8.666666666666668"
"top hentai manga doujinshi websites 2026","0","2","0","3.5"
"top hentai manga reader sites 2026","0","9","0","7.555555555555555"
"top hentai manga reading sites 2025 2026","0","3","0","8.666666666666668"
"top hentai manga reading sites 2026","0","12","0","7.833333333333333"
"top hentai manga sites 2025 or 2026","0","3","0","10"
"top hentai manga sites 2026","0","36","0","9.027777777777779"
"top hentai manga sites nhentai alternatives","0","19","0","7.2105263157894735"
"top hentai manga websites 2025 2026","0","4","0","12.75"
"top hentai manga websites 2025 or 2026","0","6","0","9"
"top hentai manga websites 2026","0","26","0","10.923076923076923"
"top hentai sites 2025 or 2026","0","8","0","10.875"
"top hentai sites 2026","0","111","0","7.648648648648648"
"top hentai sites nhentai alternatives","0","20","0","4.05"
"top hentai sites reddit 2026","0","2","0","7"
"top hentai streaming and download sites 2026","0","6","0","4"
"top hentai streaming sites","0","1","0","16"
"top hentai streaming sites 2025","0","2","0","10"
"top hentai streaming sites 2025 2026","0","44","0","6.113636363636363"
"top hentai streaming sites 2025 or 2026","0","13","0","6.461538461538462"
"top hentai streaming sites 2026 hanime","0","18","0","3.6666666666666665"
"top hentai streaming sites 2026 hanime alternatives","0","21","0","3.9047619047619047"
"top hentai streaming sites 2026 hanime hentaihaven","0","10","0","4.8"
"top hentai streaming sites 2026 hanime hentaihaven alternatives","0","2","0","2.5"
"top hentai streaming sites 2026 reddit","0","7","0","4.714285714285714"
"top hentai streaming sites 2026 uncensored","0","5","0","4.2"
"top hentai streaming sites free","0","2","0","9"
"top hentai streaming sites hanime alternatives","0","19","0","5.315789473684211"
"top hentai streaming sites nhentai alternatives","0","1","0","3"
"top hentai streaming sites no ads","0","12","0","6.25"
"top hentai streaming sites no ads 2026","0","2","0","8.5"
"top hentai streaming sites no censorship","0","2","0","8"
"top hentai streaming sites no censorship 2026","0","3","0","4.666666666666666"
"top hentai streaming sites uncensored 2026","0","28","0","3.5"
"top hentai streaming websites 2025 2026","0","4","0","5.75"
"top hentai streaming websites 2026","0","25","0","3.6"
"top hentai video streaming sites 2026","0","6","0","5.666666666666667"
"top hentai websites 2025 2026","0","1","0","11"
"top hentai websites 2026","0","22","0","10.5"
"top hentai websites 2026 hanime alternatives","0","2","0","8"
"top hentai websites 2026 nhentai alternatives","0","1","0","2"
"top hentai websites 2026 reddit","0","2","0","9"
"top hentai websites nhentai alternatives","0","1","0","6"
"top hentai websites uncensored 2026","0","2","0","8"
"top legal hentai streaming sites 2026","0","1","0","4"
"top legal hentai websites","0","1","0","10"
"top manhwa hentai sites 2026","0","4","0","5.75"
"top nhentai","0","2","0","12.5"
"top nhentai alternatives","0","159","0","5.9245283018867925"
"top nhentai alternatives 2025","0","2","0","6"
"top nhentai alternatives 2025 2026","0","3","0","4.666666666666666"
"top nhentai alternatives 2026","0","175","0","5.182857142857143"
"top uncensored hentai sites 2025 2026","0","2","0","7"
"top uncensored hentai sites 2026","0","54","0","6.166666666666667"
"top uncensored hentai streaming sites 2025 2026","0","3","0","6"
"top uncensored hentai streaming sites 2026","0","64","0","5.171875"
"top uncensored hentai streaming sites 2026 hanime alternatives","0","7","0","5"
"top uncensored hentai websites 2025 2026","0","10","0","7.3"
"top uncensored hentai websites 2026","0","27","0","5.333333333333333"
"topbooru","0","3","0","8.333333333333332"
"toranoana","0","2","0","54.5"
"transvr","0","1","0","19"
"tsumino "blog"","0","5","0","64.6"
"tsumino blog","0","23","0","53.08695652173913"
"tsumino hentai","0","1","0","15"
"tube-v","0","2","0","63"
"tube8","0","1","0","9"
"tubegalore review 2026","0","1","0","1"
"türkçe hentai manga oku siteleri 2026","0","2","0","18.5"
"türkçe hentai manga okuma siteleri 2026","0","5","0","17.2"
"ulmf forum","0","1","0","8"
"unblock nhentai","0","1","0","7"
"unblocked hentai websites","0","1","0","47"
"uncensored anime streaming sites 2026","0","1","0","11"
"uncensored hentai sites 2026","0","11","0","10.363636363636363"
"uncensored hentai streaming sites 2026","0","48","0","6.0625"
"uncensored hentai websites 2026","0","8","0","5.5"
"uncensored jav streaming sites 2026","0","2","0","6"
"unde rhentai","0","2","0","5"
"unextadult","0","2","0","4"
"vault hentai","0","1","0","6"
"veil f95","0","2","0","7"
"vlxx.code","0","1","0","69"
"vlxx.vs","0","5","0","34.2"
"watch hentaigasm","0","17","0","7"
"watch4bauty","0","1","0","8"
"watch4beuty","0","1","0","56"
"website like nhentai","0","23","0","6.478260869565218"
"website similar to nhentai","0","8","0","7.125"
"websites like nhentai","0","54","0","7.611111111111111"
"websites similar to nhentai","0","20","0","8.15"
"what alternatives exist?","0","1","0","6"
"what is dmm fanza","0","1","0","5"
"what is fanza","0","1","0","11"
"what is that","0","1","0","3"
"what is yande.re","0","1","0","56"
"what website","0","1","0","7"
"where can i read adult manga","0","1","0","48"
"where can i read adult manga for free","0","1","0","15"
"where to read adult manga","0","2","0","42"
"working nhentai mirrors 2026","0","15","0","7.066666666666666"
"wowgirls review","0","1","0","10"
"x-art review","0","2","0","34"
"xemales.com","0","1","0","6"
"xhamstervr","0","1","0","8"
"xhcdn","0","3","0","41"
"xmodels review","0","6","0","16.833333333333336"
"xmodels reviews","0","5","0","19.8"
"xnxx vs pornhub","0","1","0","11"
"xteenvids","0","2","0","5.5"
"xxk.mobi","0","4","0","5.75"
"yande re","0","4","0","11.75"
"yande,re","0","1","0","7"
"youtube hentai anime","0","1","0","9"
"zerochan hentai","0","8","0","7.75"
"zerochan nsfw","0","14","0","10.428571428571429"
"zerochan r34","0","2","0","7.5"
"zerochan rule 34","0","3","0","7"
"zerochan xxx","0","1","0","9"
"кгду34рутефш","0","1","0","7"
"лучшие сайты для чтения хентай манги 2026","0","2","0","15.5"
"хентай toonily","0","1","0","8"
"أفضل مواقع مانجا هنتاي عربي 2026","0","2","0","19.5"
"أفضل مواقع مانجا هنتاي مترجم عربي 2026","0","7","0","17.571428571428573"
"أفضل مواقع مانهوا هنتاي مترجمة عربي 2026","0","1","0","20"
"أفضل مواقع هنتاي 2026","0","2","0","8.5"
"أفضل مواقع هنتاي أنمي 2026","0","1","0","10"
"ليس هو","0","1","0","4"
"هنتاي toonily","0","4","0","6.25"
"โดจิน forum","0","1","0","7"
"ふ ぁ ん ざ","0","1","0","41"
"中文 hentai 网站 推荐 2026","0","5","0","13"
"似たサイト","0","1","0","2"
"免費成人漫畫","0","1","0","7"
"全巻無料","0","1","0","6"
"大人っぽい","0","1","0","7"
"安全なもの","0","1","0","5"
"成人漫畫","0","1","0","8"
"推荐 hentai 网站 2026","0","1","0","10"
"有嗎","0","1","0","10"
"有類似的嗎","0","1","0","3"
"無料のもので","0","1","0","1"
